"Transaction Type","Date","Amount Debited","Debit Currency","Amount Credited","Credit Currency","Buy / Sell Rate","Direction","Spot Rate","Source / Destination","Blockchain Transaction ID"
"shakingsats","2021-04-25T04:21:45+00",,,0.0000015,"BTC",,"credit","62006.9909",,
"fiat funding","2021-04-25T04:28:24+00",,,100,"CAD",,"credit",,"etiennecloutier00@gmail.com",
"peer transfer","2021-04-25T04:40:49+00",5,"CAD",,,,"debit",,"@jessyjr97",
"peer transfer","2021-04-25T04:44:09+00",5,"CAD",,,,"debit",,"@bitbuyguy",
"peer transfer","2021-04-25T04:44:14+00",,,5,"CAD",,"credit",,"@bitbuyguy",
"peer transfer","2021-04-25T04:46:50+00",,,5,"CAD",,"credit",,"@jessyjr97",
"purchase/sale","2021-04-25T04:49:43+00",50,"CAD",0.00079774,"BTC","62676.5124","purchase",,,
"purchase/sale","2021-04-25T04:51:05+00",50,"CAD",0.0180300343471592,"ETH","2773.1506","purchase",,,
"other","2021-04-25T13:47:50+00",,,10,"CAD",,"credit",,,
"purchase/sale","2021-04-26T03:12:44+00",0.00166,"ETH",5,"CAD","3014.9303","sale",,,
"shakingsats","2021-04-26T05:03:08+00",,,0.0000017,"BTC",,"credit","65266.9882",,
"purchase/sale","2021-04-26T13:26:40+00",0.0000454,"BTC",2.99,"CAD","66045.9371","sale",,,
"peer transfer","2021-04-26T15:49:08+00",5,"CAD",,,,"debit",,"@jessyjr97",
"peer transfer","2021-04-26T15:49:30+00",5,"CAD",,,,"debit",,"@bitbuyguy",
"peer transfer","2021-04-26T15:49:53+00",,,5,"CAD",,"credit",,"@bitbuyguy",
"peer transfer","2021-04-26T15:52:40+00",,,5,"CAD",,"credit",,"@jessyjr97",
"purchase/sale","2021-04-26T17:05:11+00",0.003268,"ETH",10.02,"CAD","3067.7068","sale",,,
"purchase/sale","2021-04-26T17:26:55+00",0.00015,"BTC",9.99,"CAD","66609.1327","sale",,,
"purchase/sale","2021-04-26T21:03:05+00",15,"CAD",0.00022571,"BTC","66454.5468","purchase",,,
"purchase/sale","2021-04-26T21:06:24+00",5,"CAD",0.00007538,"BTC","66326.4157","purchase",,,
"shakingsats","2021-04-27T11:00:10+00",,,0.0000018,"BTC",,"credit","67906.5316",,
"peer transfer","2021-04-27T11:59:38+00",5,"CAD",,,,"debit",,"@bitbuyguy",
"peer transfer","2021-04-27T11:59:46+00",5,"CAD",,,,"debit",,"@jessyjr97",
"peer transfer","2021-04-27T12:01:44+00",,,5,"CAD",,"credit",,"@jessyjr97",
"peer transfer","2021-04-27T13:40:50+00",,,5,"CAD",,"credit",,"@bitbuyguy",
"purchase/sale","2021-04-27T15:23:21+00",0.001557,"ETH",5,"CAD","3214.1845","sale",,,
"shakingsats","2021-04-29T00:50:59+00",,,0.000002,"BTC",,"credit","67583.6079",,
"shakingsats","2021-04-29T05:05:59+00",,,0.0000021,"BTC",,"credit","66153.3932",,
"peer transfer","2021-04-29T16:43:00+00",5,"CAD",,,,"debit",,"@jessyjr97",
"peer transfer","2021-04-29T16:43:23+00",5,"CAD",,,,"debit",,"@bitbuyguy",
"peer transfer","2021-04-29T16:51:17+00",,,5,"CAD",,"credit",,"@bitbuyguy",
"peer transfer","2021-04-29T17:24:41+00",,,5,"CAD",,"credit",,"@jessyjr97",
"shakingsats","2021-04-30T10:56:43+00",,,0.0000023,"BTC",,"credit","66703.9625",,
"peer transfer","2021-04-30T13:49:23+00",5,"CAD",,,,"debit",,"@jessyjr97",
"peer transfer","2021-04-30T13:49:32+00",5,"CAD",,,,"debit",,"@bitbuyguy",
"peer transfer","2021-04-30T14:53:38+00",,,5,"CAD",,"credit",,"@bitbuyguy",
"peer transfer","2021-04-30T15:28:18+00",,,5,"CAD",,"credit",,"@jessyjr97",
"shakingsats","2021-05-01T04:00:42+00",,,0.0000024,"BTC",,"credit","71619.3753",,
"peer transfer","2021-05-01T04:03:27+00",5,"CAD",,,,"debit",,"@jessyjr97",
"peer transfer","2021-05-01T04:03:47+00",5,"CAD",,,,"debit",,"@bitbuyguy",
"peer transfer","2021-05-01T04:03:50+00",,,5,"CAD",,"credit",,"@jessyjr97",
"peer transfer","2021-05-01T04:04:05+00",,,5,"CAD",,"credit",,"@bitbuyguy",
"shakingsats","2021-05-02T11:54:24+00",,,0.0000017,"BTC",,"credit","69868.0854",,
"peer transfer","2021-05-02T15:58:00+00",5,"CAD",,,,"debit",,"@jessyjr97",
"peer transfer","2021-05-02T15:58:26+00",5,"CAD",,,,"debit",,"@bitbuyguy",
"peer transfer","2021-05-02T16:01:20+00",,,5,"CAD",,"credit",,"@bitbuyguy",
"peer transfer","2021-05-02T17:15:22+00",,,5,"CAD",,"credit",,"@jessyjr97",
"peer transfer","2021-05-03T10:52:22+00",,,5,"CAD",,"credit",,"@jessyjr97",
"shakingsats","2021-05-03T11:00:40+00",,,0.0000018,"BTC",,"credit","71984.2520",,
"peer transfer","2021-05-03T11:01:30+00",5,"CAD",,,,"debit",,"@jessyjr97",
"peer transfer","2021-05-03T11:01:39+00",5,"CAD",,,,"debit",,"@bitbuyguy",
"peer transfer","2021-05-03T12:27:21+00",,,5,"CAD",,"credit",,"@bitbuyguy",
"purchase/sale","2021-05-03T16:50:43+00",0.002545,"ETH",10.03,"CAD","3941.4887","sale",,,
"peer transfer","2021-05-04T10:53:36+00",,,5,"CAD",,"credit",,"@jessyjr97",
"shakingsats","2021-05-04T11:03:47+00",,,0.0000019,"BTC",,"credit","69504.8749",,
"peer transfer","2021-05-04T11:05:00+00",5,"CAD",,,,"debit",,"@bitbuyguy",
"peer transfer","2021-05-04T11:05:09+00",5,"CAD",,,,"debit",,"@jessyjr97",
"peer transfer","2021-05-04T17:29:26+00",,,5,"CAD",,"credit",,"@bitbuyguy",
"peer transfer","2021-05-05T10:38:22+00",,,5,"CAD",,"credit",,"@jessyjr97",
"shakingsats","2021-05-05T12:03:36+00",,,0.000002,"BTC",,"credit","67685.6724",,
"peer transfer","2021-05-05T13:46:25+00",5,"CAD",,,,"debit",,"@bitbuyguy",
"peer transfer","2021-05-05T13:46:34+00",5,"CAD",,,,"debit",,"@jessyjr97",
"peer transfer","2021-05-05T13:47:43+00",,,5,"CAD",,"credit",,"@bitbuyguy",
"shakingsats","2021-05-06T10:21:44+00",,,0.0000021,"BTC",,"credit","71364.6377",,
"peer transfer","2021-05-06T10:58:31+00",,,5,"CAD",,"credit",,"@jessyjr97",
"peer transfer","2021-05-06T11:10:22+00",5,"CAD",,,,"debit",,"@bitbuyguy",
"peer transfer","2021-05-06T11:10:59+00",5,"CAD",,,,"debit",,"@jessyjr97",
"peer transfer","2021-05-06T14:44:09+00",,,5,"CAD",,"credit",,"@bitbuyguy",
"peer transfer","2021-05-07T11:17:48+00",,,5,"CAD",,"credit",,"@jessyjr97",
"shakingsats","2021-05-07T13:48:45+00",,,0.0000022,"BTC",,"credit","69703.8366",,
"peer transfer","2021-05-07T13:50:27+00",5,"CAD",,,,"debit",,"@bitbuyguy",
"peer transfer","2021-05-07T13:51:30+00",5,"CAD",,,,"debit",,"@jessyjr97",
"peer transfer","2021-05-07T13:56:29+00",,,5,"CAD",,"credit",,"@bitbuyguy",
"shakingsats","2021-05-08T12:06:31+00",,,0.00000225,"BTC",,"credit","70918.5172",,
"peer transfer","2021-05-08T12:08:27+00",5,"CAD",,,,"debit",,"@bitbuyguy",
"peer transfer","2021-05-08T12:08:41+00",5,"CAD",,,,"debit",,"@jessyjr97",
"peer transfer","2021-05-08T12:54:53+00",,,5,"CAD",,"credit",,"@jessyjr97",
"peer transfer","2021-05-08T16:20:03+00",,,5,"CAD",,"credit",,"@bitbuyguy",
"shakingsats","2021-05-09T10:17:37+00",,,0.00000235,"BTC",,"credit","69894.3404",,
"shakingsats","2021-05-10T10:27:17+00",,,0.00000245,"BTC",,"credit","70499.6947",,
"peer transfer","2021-05-10T10:28:17+00",5,"CAD",,,,"debit",,"@bitbuyguy",
"peer transfer","2021-05-10T10:28:26+00",5,"CAD",,,,"debit",,"@jessyjr97",
"peer transfer","2021-05-10T11:11:26+00",,,5,"CAD",,"credit",,"@jessyjr97",
"shakingsats","2021-05-11T09:59:07+00",,,0.00000255,"BTC",,"credit","67752.1562",,
"peer transfer","2021-05-11T11:30:11+00",,,5,"CAD",,"credit",,"@jessyjr97",
"peer transfer","2021-05-11T16:11:20+00",5,"CAD",,,,"debit",,"@bitbuyguy",
"peer transfer","2021-05-11T16:11:42+00",5,"CAD",,,,"debit",,"@jessyjr97",
"peer transfer","2021-05-11T16:26:08+00",,,10,"CAD",,"credit",,"@bitbuyguy",
"peer transfer","2021-05-12T11:09:38+00",,,5,"CAD",,"credit",,"@jessyjr97",
"shakingsats","2021-05-12T11:10:00+00",,,0.00000265,"BTC",,"credit","67959.5904",,
"peer transfer","2021-05-12T20:44:56+00",5,"CAD",,,,"debit",,"@bitbuyguy",
"peer transfer","2021-05-12T20:45:20+00",5,"CAD",,,,"debit",,"@jessyjr97",
"peer transfer","2021-05-12T21:27:02+00",,,5,"CAD",,"credit",,"@bitbuyguy",
"shakingsats","2021-05-13T09:22:36+00",,,0.0000027,"BTC",,"credit","60848.3206",,
"peer transfer","2021-05-13T13:42:01+00",5,"CAD",,,,"debit",,"@bitbuyguy",
"peer transfer","2021-05-13T13:42:29+00",5,"CAD",,,,"debit",,"@jessyjr97",
"peer transfer","2021-05-13T16:17:51+00",,,5,"CAD",,"credit",,"@jessyjr97",
"peer transfer","2021-05-13T16:25:07+00",,,5,"CAD",,"credit",,"@bitbuyguy",
"shakingsats","2021-05-14T04:12:02+00",,,0.0000028,"BTC",,"credit","60298.6081",,
"peer transfer","2021-05-14T04:12:22+00",5,"CAD",,,,"debit",,"@bitbuyguy",
"peer transfer","2021-05-14T04:12:30+00",5,"CAD",,,,"debit",,"@jessyjr97",
"peer transfer","2021-05-14T10:48:52+00",,,5,"CAD",,"credit",,"@jessyjr97",
"peer transfer","2021-05-15T01:28:57+00",,,5,"CAD",,"credit",,"@bitbuyguy",
"shakingsats","2021-05-15T10:02:15+00",,,0.0000029,"BTC",,"credit","58803.4686",,
"peer transfer","2021-05-15T10:03:16+00",5.52,"CAD",,,,"debit",,"@jessyjr97",
"peer transfer","2021-05-15T10:03:26+00",5,"CAD",,,,"debit",,"@bitbuyguy",
"peer transfer","2021-05-15T11:33:17+00",,,5.01,"CAD",,"credit",,"@jessyjr97",
"peer transfer","2021-05-15T16:24:10+00",,,5,"CAD",,"credit",,"@bitbuyguy",
"shakingsats","2021-05-16T12:00:34+00",,,0.00000295,"BTC",,"credit","59476.7809",,
"peer transfer","2021-05-16T12:02:33+00",5,"CAD",,,,"debit",,"@jessyjr97",
"peer transfer","2021-05-16T12:02:44+00",5,"CAD",,,,"debit",,"@bitbuyguy",
"peer transfer","2021-05-16T12:22:41+00",,,5.01,"CAD",,"credit",,"@jessyjr97",
"purchase/sale","2021-05-16T18:30:03+00",10,"CAD",0.00017605,"BTC","56800.1049","purchase",,,
"peer transfer","2021-05-17T03:02:50+00",,,5,"CAD",,"credit",,"@bitbuyguy",
"peer transfer","2021-05-17T11:24:58+00",,,5,"CAD",,"credit",,"@jessyjr97",
"shakingsats","2021-05-17T11:56:23+00",,,0.00000305,"BTC",,"credit","55439.5802",,
"peer transfer","2021-05-17T12:03:20+00",5.01,"CAD",,,,"debit",,"@jessyjr97",
"peer transfer","2021-05-17T12:04:02+00",5,"CAD",,,,"debit",,"@bitbuyguy",
"peer transfer","2021-05-17T16:11:55+00",,,5,"CAD",,"credit",,"@bitbuyguy",
"peer transfer","2021-05-18T12:05:20+00",,,5.01,"CAD",,"credit",,"@jessyjr97",
"shakingsats","2021-05-18T12:42:33+00",,,0.00000315,"BTC",,"credit","53535.4531",,
"peer transfer","2021-05-18T12:45:24+00",5.01,"CAD",,,,"debit",,"@jessyjr97",
"peer transfer","2021-05-18T12:45:35+00",5,"CAD",,,,"debit",,"@bitbuyguy",
"peer transfer","2021-05-18T16:48:11+00",,,5,"CAD",,"credit",,"@bitbuyguy",
"purchase/sale","2021-05-19T03:01:42+00",5,"CAD",0.00131578947368421,"ETH","3794.4907","purchase",,,
"shakingsats","2021-05-19T10:01:22+00",,,0.0000032,"BTC",,"credit","48864.6605",,
"purchase/sale","2021-05-19T10:39:35+00",5,"CAD",0.00142857142857143,"ETH","3498.1907","purchase",,,
"purchase/sale","2021-05-19T10:45:33+00",2.52,"CAD",0.00005257,"BTC","47932.8073","purchase",,,
"peer transfer","2021-05-19T11:01:55+00",,,5,"CAD",,"credit",,"@jessyjr97",
"peer transfer","2021-05-19T11:37:47+00",5,"CAD",,,,"debit",,"@jessyjr97",
"purchase/sale","2021-05-19T12:50:33+00",10,"CAD",0.00344827586206897,"ETH","2780.6449","purchase",,,
"fiat funding","2021-05-19T13:26:23+00",,,30,"CAD",,"credit",,"etiennecloutier00@gmail.com",
"purchase/sale","2021-05-20T00:58:42+00",5,"CAD",0.00185386540268236,"ETH","2697.0674","purchase",,,
"shakingsats","2021-05-20T10:04:41+00",,,0.0000033,"BTC",,"credit","48571.4912",,
"peer transfer","2021-05-20T18:56:43+00",,,5,"CAD",,"credit",,"@jessyjr97",
"peer transfer","2021-05-20T19:11:48+00",5,"CAD",,,,"debit",,"@jessyjr97",
"shakingsats","2021-05-21T09:54:13+00",,,0.0000034,"BTC",,"credit","49393.6548",,
"shakingsats","2021-05-22T09:46:51+00",,,0.00000345,"BTC",,"credit","44904.6586",,
"purchase/sale","2021-05-23T08:51:40+00",10,"CAD",0.004,"ETH","2500.6978","purchase",,,
"shakingsats","2021-05-23T10:53:15+00",,,0.00000355,"BTC",,"credit","42607.3414",,
"purchase/sale","2021-05-23T11:08:39+00",5,"CAD",0.00011553,"BTC","43276.3981","purchase",,,
"purchase/sale","2021-05-23T16:13:56+00",10,"CAD",0.00025,"BTC","39636.1900","purchase",,,
"fiat funding","2021-05-23T16:40:12+00",,,20,"CAD",,"credit",,"etiennecloutier00@gmail.com",
"shakingsats","2021-05-24T11:01:07+00",,,0.0000036,"BTC",,"credit","43959.8139",,
"peer transfer","2021-05-24T14:44:43+00",,,5,"CAD",,"credit",,"@jessyjr97",
"peer transfer","2021-05-24T14:46:54+00",5,"CAD",,,,"debit",,"@jessyjr97",
"shakingsats","2021-05-25T05:54:00+00",,,0.0000037,"BTC",,"credit","46250.5937",,
"peer transfer","2021-05-25T15:48:12+00",5,"CAD",,,,"debit",,"@jessyjr97",
"peer transfer","2021-05-25T16:38:53+00",,,5,"CAD",,"credit",,"@jessyjr97",
"shakingsats","2021-05-26T09:39:27+00",,,0.00000375,"BTC",,"credit","48695.4362",,
"peer transfer","2021-05-26T11:42:14+00",,,5,"CAD",,"credit",,"@jessyjr97",
"peer transfer","2021-05-26T12:55:46+00",5,"CAD",,,,"debit",,"@jessyjr97",
"shakingsats","2021-05-27T10:34:01+00",,,0.00000385,"BTC",,"credit","47650.0942",,
"peer transfer","2021-05-27T15:10:57+00",5,"CAD",,,,"debit",,"@jessyjr97",
"peer transfer","2021-05-27T15:11:21+00",5,"CAD",,,,"debit",,"@bitbuyguy",
"peer transfer","2021-05-27T15:11:25+00",,,5,"CAD",,"credit",,"@jessyjr97",
"peer transfer","2021-05-27T16:10:39+00",,,5,"CAD",,"credit",,"@bitbuyguy",
"shakingsats","2021-05-28T09:17:13+00",,,0.00000395,"BTC",,"credit","43333.5936",,
"peer transfer","2021-05-28T10:51:54+00",,,5,"CAD",,"credit",,"@jessyjr97",
"peer transfer","2021-05-28T14:15:04+00",5,"CAD",,,,"debit",,"@jessyjr97",
"peer transfer","2021-05-28T14:15:28+00",5,"CAD",,,,"debit",,"@bitbuyguy",
"shakingsats","2021-05-29T04:41:17+00",,,0.000004,"BTC",,"credit","43909.7880",,
"peer transfer","2021-05-29T11:16:19+00",,,5,"CAD",,"credit",,"@jessyjr97",
"peer transfer","2021-05-29T12:05:52+00",5,"CAD",,,,"debit",,"@jessyjr97",
"peer transfer","2021-05-29T12:06:15+00",5,"CAD",,,,"debit",,"@bitbuyguy",
"peer transfer","2021-05-30T01:04:23+00",,,10,"CAD",,"credit",,"@bitbuyguy",
"shakingsats","2021-05-30T10:35:11+00",,,0.00000405,"BTC",,"credit","43243.5787",,
"peer transfer","2021-05-30T11:14:45+00",,,5,"CAD",,"credit",,"@jessyjr97",
"peer transfer","2021-05-30T11:15:19+00",5,"CAD",,,,"debit",,"@jessyjr97",
"shakingsats","2021-05-31T10:38:10+00",,,0.00000415,"BTC",,"credit","44381.2473",,
"peer transfer","2021-05-31T12:23:38+00",5,"CAD",,,,"debit",,"@jessyjr97",
"peer transfer","2021-05-31T12:43:02+00",,,5,"CAD",,"credit",,"@jessyjr97",
"shakingsats","2021-06-01T09:14:17+00",,,0.0000042,"BTC",,"credit","43663.8129",,
"peer transfer","2021-06-01T10:38:10+00",,,5,"CAD",,"credit",,"@jessyjr97",
"peer transfer","2021-06-01T10:38:41+00",5,"CAD",,,,"debit",,"@jessyjr97",
"peer transfer","2021-06-02T15:19:33+00",,,5,"CAD",,"credit",,"@jessyjr97",
"shakingsats","2021-06-02T15:24:27+00",,,0.0000043,"BTC",,"credit","46046.5633",,
"peer transfer","2021-06-02T22:20:38+00",5,"CAD",,,,"debit",,"@jessyjr97",
"shakingsats","2021-06-03T04:16:51+00",,,0.00000435,"BTC",,"credit","45431.6152",,
"peer transfer","2021-06-03T04:25:28+00",5,"CAD",,,,"debit",,"@jessyjr97",
"peer transfer","2021-06-03T08:47:47+00",,,5,"CAD",,"credit",,"@jessyjr97",
"shakingsats","2021-06-04T16:42:40+00",,,0.00000445,"BTC",,"credit","44612.6383",,
"peer transfer","2021-06-04T16:43:11+00",5,"CAD",,,,"debit",,"@jessyjr97",
"shakingsats","2021-06-05T12:13:44+00",,,0.0000045,"BTC",,"credit","43285.3333",,
"peer transfer","2021-06-05T16:43:02+00",,,5,"CAD",,"credit",,"@jessyjr97",
"peer transfer","2021-06-05T16:54:25+00",5,"CAD",,,,"debit",,"@jessyjr97",
"peer transfer","2021-06-06T12:35:05+00",,,5,"CAD",,"credit",,"@jessyjr97",
"shakingsats","2021-06-06T12:35:15+00",,,0.00000455,"BTC",,"credit","43439.1699",,
"peer transfer","2021-06-06T12:36:38+00",5,"CAD",,,,"debit",,"@jessyjr97",
"shakingsats","2021-06-07T08:48:52+00",,,0.00000465,"BTC",,"credit","43624.1448",,
"peer transfer","2021-06-07T08:50:32+00",5,"CAD",,,,"debit",,"@jessyjr97",
"peer transfer","2021-06-07T10:23:49+00",,,15,"CAD",,"credit",,"@jessyjr97",
"purchase/sale","2021-06-08T02:49:36+00",5,"CAD",0.000125,"BTC","39972.4881","purchase",,,
"shakingsats","2021-06-08T10:06:54+00",,,0.0000047,"BTC",,"credit","39832.7448",,
"peer transfer","2021-06-08T12:45:03+00",9.99,"CAD",,,,"debit",,"@jessyjr97",
"peer transfer","2021-06-08T14:05:46+00",,,5,"CAD",,"credit",,"@jessyjr97",
"shakingsats","2021-06-09T10:14:10+00",,,0.00000475,"BTC",,"credit","41193.9486",,
"peer transfer","2021-06-09T21:38:18+00",5,"CAD",,,,"debit",,"@jessyjr97",
"peer transfer","2021-06-09T21:38:52+00",,,5,"CAD",,"credit",,"@jessyjr97",
"shakingsats","2021-06-10T10:01:18+00",,,0.00000485,"BTC",,"credit","45259.9705",,
"peer transfer","2021-06-11T02:07:46+00",5,"CAD",,,,"debit",,"@jessyjr97",
"shakingsats","2021-06-11T07:10:20+00",,,0.0000049,"BTC",,"credit","44115.5513",,
"peer transfer","2021-06-11T07:11:43+00",5,"CAD",,,,"debit",,"@jessyjr97",
"peer transfer","2021-06-11T10:40:39+00",,,10,"CAD",,"credit",,"@jessyjr97",
"peer transfer","2021-06-12T05:05:30+00",,,5,"CAD",,"credit",,"@jessyjr97",
"shakingsats","2021-06-12T12:47:04+00",,,0.00000495,"BTC",,"credit","43751.2512",,
"peer transfer","2021-06-12T12:50:17+00",5,"CAD",,,,"debit",,"@jessyjr97",
"shakingsats","2021-06-13T04:03:52+00",,,0.00000505,"BTC",,"credit","42424.6197",,
"peer transfer","2021-06-13T04:04:21+00",5,"CAD",,,,"debit",,"@jessyjr97",
"peer transfer","2021-06-13T13:28:22+00",,,5,"CAD",,"credit",,"@jessyjr97",
"shakingsats","2021-06-14T10:13:18+00",,,0.0000051,"BTC",,"credit","47551.7208",,
"peer transfer","2021-06-14T12:03:18+00",,,5,"CAD",,"credit",,"@jessyjr97",
"peer transfer","2021-06-15T01:29:19+00",5,"CAD",,,,"debit",,"@jessyjr97",
"shakingsats","2021-06-15T10:25:46+00",,,0.00000515,"BTC",,"credit","48705.5089",,
"peer transfer","2021-06-15T11:00:51+00",,,5,"CAD",,"credit",,"@jessyjr97",
"peer transfer","2021-06-15T20:52:28+00",5,"CAD",,,,"debit",,"@jessyjr97",
"shakingsats","2021-06-16T10:36:04+00",,,0.0000052,"BTC",,"credit","48639.5296",,
"peer transfer","2021-06-16T11:15:52+00",,,5,"CAD",,"credit",,"@jessyjr97",
"peer transfer","2021-06-16T11:54:04+00",5,"CAD",,,,"debit",,"@jessyjr97",
"shakingsats","2021-06-17T10:29:02+00",,,0.0000053,"BTC",,"credit","48640.6977",,
"peer transfer","2021-06-17T11:56:47+00",,,5,"CAD",,"credit",,"@jessyjr97",
"peer transfer","2021-06-17T16:13:38+00",5,"CAD",,,,"debit",,"@jessyjr97",
"shakingsats","2021-06-18T09:58:09+00",,,0.00000535,"BTC",,"credit","46370.6387",,
"peer transfer","2021-06-18T21:15:48+00",5,"CAD",,,,"debit",,"@jessyjr97",
"shakingsats","2021-06-19T09:45:23+00",,,0.0000054,"BTC",,"credit","44604.5242",,
"peer transfer","2021-06-19T12:05:34+00",,,10,"CAD",,"credit",,"@jessyjr97",
"peer transfer","2021-06-19T15:21:21+00",5,"CAD",,,,"debit",,"@jessyjr97",
"shakingsats","2021-06-20T10:34:57+00",,,0.00000545,"BTC",,"credit","42519.3237",,
"peer transfer","2021-06-20T10:37:59+00",5,"CAD",,,,"debit",,"@jessyjr97",
"peer transfer","2021-06-20T14:40:15+00",,,5,"CAD",,"credit",,"@jessyjr97",
"purchase/sale","2021-06-21T09:23:17+00",5,"CAD",0.002,"ETH","2501.1766","purchase",,,
"shakingsats","2021-06-21T09:28:32+00",,,0.0000055,"BTC",,"credit","40471.0956",,
"purchase/sale","2021-06-21T11:30:19+00",5,"CAD",0.00012501,"BTC","39961.7771","purchase",,,
"shakingsats","2021-06-22T09:30:45+00",,,0.0000056,"BTC",,"credit","38976.0495",,
"purchase/sale","2021-06-22T13:46:39+00",5,"CAD",0.00227272727272727,"ETH","2192.7138","purchase",,,
"peer transfer","2021-06-22T23:16:41+00",,,5,"CAD",,"credit",,"@jessyjr97",
"peer transfer","2021-06-22T23:17:11+00",5.01,"CAD",,,,"debit",,"@jessyjr97",
"shakingsats","2021-06-23T09:23:02+00",,,0.00000565,"BTC",,"credit","41863.7989",,
"peer transfer","2021-06-23T16:10:16+00",,,5,"CAD",,"credit",,"@jessyjr97",
"peer transfer","2021-06-23T16:34:25+00",5,"CAD",,,,"debit",,"@jessyjr97",
"shakingsats","2021-06-24T14:42:08+00",,,0.0000057,"BTC",,"credit","41878.6891",,
"peer transfer","2021-06-24T16:36:51+00",,,5,"CAD",,"credit",,"@jessyjr97",
"peer transfer","2021-06-24T16:37:25+00",5,"CAD",,,,"debit",,"@jessyjr97",
"shakingsats","2021-06-25T10:50:21+00",,,0.00000575,"BTC",,"credit","41452.2329",,
"peer transfer","2021-06-25T14:23:43+00",,,5,"CAD",,"credit",,"@jessyjr97",
"shakingsats","2021-06-26T10:59:31+00",,,0.0000058,"BTC",,"credit","38252.6534",,
"peer transfer","2021-06-26T10:59:40+00",5,"CAD",,,,"debit",,"@jessyjr97",
"peer transfer","2021-06-26T13:47:04+00",,,5,"CAD",,"credit",,"@jessyjr97",
"peer transfer","2021-06-26T14:39:02+00",5,"CAD",,,,"debit",,"@jessyjr97",
"fiat funding","2021-06-26T14:47:42+00",,,50,"CAD",,"credit",,"etiennecloutier00@gmail.com",
"shakingsats","2021-06-27T09:10:00+00",,,0.00000585,"BTC",,"credit","40741.8830",,
"peer transfer","2021-06-27T14:21:03+00",,,5,"CAD",,"credit",,"@jessyjr97",
"peer transfer","2021-06-27T14:21:37+00",5,"CAD",,,,"debit",,"@jessyjr97",
"shakingsats","2021-06-28T09:34:47+00",,,0.0000059,"BTC",,"credit","42642.5021",,
"peer transfer","2021-06-28T16:41:07+00",,,5,"CAD",,"credit",,"@jessyjr97",
"peer transfer","2021-06-28T16:44:35+00",5,"CAD",,,,"debit",,"@jessyjr97",
"peer transfer","2021-06-29T14:18:43+00",,,5,"CAD",,"credit",,"@jessyjr97",
"shakingsats","2021-06-29T14:25:59+00",,,0.000006,"BTC",,"credit","44838.3374",,
"peer transfer","2021-06-29T14:26:10+00",5,"CAD",,,,"debit",,"@jessyjr97",
"shakingsats","2021-06-30T10:25:38+00",,,0.00000605,"BTC",,"credit","43100.1738",,
"peer transfer","2021-07-01T00:45:47+00",5,"CAD",,,,"debit",,"@jessyjr97",
"peer transfer","2021-07-01T00:52:38+00",,,5,"CAD",,"credit",,"@jessyjr97",
"peer transfer","2021-07-01T14:54:56+00",,,5,"CAD",,"credit",,"@jessyjr97",
"shakingsats","2021-07-01T15:47:26+00",,,0.0000061,"BTC",,"credit","41480.3026",,
"peer transfer","2021-07-01T15:48:16+00",5,"CAD",,,,"debit",,"@jessyjr97",
"peer transfer","2021-07-02T04:07:06+00",,,5,"CAD",,"credit",,"@jessyjr97",
"shakingsats","2021-07-02T04:07:31+00",,,0.00000615,"BTC",,"credit","41009.5418",,
"peer transfer","2021-07-02T04:07:57+00",5,"CAD",,,,"debit",,"@jessyjr97",
"shakingsats","2021-07-03T09:49:05+00",,,0.0000062,"BTC",,"credit","42663.9226",,
"peer transfer","2021-07-03T09:49:18+00",5,"CAD",,,,"debit",,"@jessyjr97",
"peer transfer","2021-07-03T13:11:04+00",,,5,"CAD",,"credit",,"@jessyjr97",
"shakingsats","2021-07-04T12:59:37+00",,,0.00000625,"BTC",,"credit","43436.7659",,
"peer transfer","2021-07-04T12:59:51+00",5,"CAD",,,,"debit",,"@jessyjr97",
"peer transfer","2021-07-04T15:23:19+00",,,5,"CAD",,"credit",,"@jessyjr97",
"peer transfer","2021-07-05T15:44:40+00",,,5,"CAD",,"credit",,"@jessyjr97",
"shakingsats","2021-07-05T16:21:29+00",,,0.0000063,"BTC",,"credit","41555.3372",,
"peer transfer","2021-07-05T21:31:50+00",5,"CAD",,,,"debit",,"@jessyjr97",
"shakingsats","2021-07-06T10:40:26+00",,,0.00000635,"BTC",,"credit","41965.7450",,
"peer transfer","2021-07-06T10:40:38+00",5,"CAD",,,,"debit",,"@jessyjr97",
"peer transfer","2021-07-06T11:27:55+00",,,5,"CAD",,"credit",,"@jessyjr97",
"shakingsats","2021-07-07T10:31:34+00",,,0.0000064,"BTC",,"credit","43083.0721",,
"peer transfer","2021-07-07T10:31:45+00",5,"CAD",,,,"debit",,"@jessyjr97",
"peer transfer","2021-07-07T13:27:22+00",,,5,"CAD",,"credit",,"@jessyjr97",
"peer transfer","2021-07-08T18:28:52+00",,,5,"CAD",,"credit",,"@jessyjr97",
"shakingsats","2021-07-08T20:01:35+00",,,0.00000645,"BTC",,"credit","41339.9543",,
"peer transfer","2021-07-08T20:01:47+00",5,"CAD",,,,"debit",,"@jessyjr97",
"shakingsats","2021-07-09T11:11:17+00",,,0.0000065,"BTC",,"credit","41042.4295",,
"peer transfer","2021-07-09T11:11:32+00",5,"CAD",,,,"debit",,"@jessyjr97",
"peer transfer","2021-07-09T13:02:37+00",,,5,"CAD",,"credit",,"@jessyjr97",
"shakingsats","2021-07-10T20:43:49+00",,,0.00000655,"BTC",,"credit","41460.2957",,
"peer transfer","2021-07-10T20:44:04+00",5,"CAD",,,,"debit",,"@jessyjr97",
"peer transfer","2021-07-10T21:22:16+00",,,5,"CAD",,"credit",,"@jessyjr97",
"peer transfer","2021-07-11T04:24:30+00",,,5,"CAD",,"credit",,"@jessyjr97",
"shakingsats","2021-07-11T13:29:07+00",,,0.0000066,"BTC",,"credit","42049.5018",,
"peer transfer","2021-07-11T13:29:25+00",5,"CAD",,,,"debit",,"@jessyjr97",
"shakingsats","2021-07-12T10:30:52+00",,,0.00000665,"BTC",,"credit","42313.8193",,
"peer transfer","2021-07-12T10:31:04+00",5,"CAD",,,,"debit",,"@jessyjr97",
"peer transfer","2021-07-12T10:39:58+00",,,5,"CAD",,"credit",,"@jessyjr97",
"shakingsats","2021-07-13T14:20:45+00",,,0.0000067,"BTC",,"credit","40693.6434",,
"peer transfer","2021-07-13T15:21:08+00",,,5,"CAD",,"credit",,"@jessyjr97",
"peer transfer","2021-07-13T15:42:53+00",5,"CAD",,,,"debit",,"@jessyjr97",
"peer transfer","2021-07-14T16:36:43+00",,,5,"CAD",,"credit",,"@jessyjr97",
"shakingsats","2021-07-14T17:04:41+00",,,0.00000675,"BTC",,"credit","41082.2162",,
"peer transfer","2021-07-14T17:04:54+00",5,"CAD",,,,"debit",,"@jessyjr97",
"shakingsats","2021-07-15T14:29:36+00",,,0.0000068,"BTC",,"credit","39809.7456",,
"peer transfer","2021-07-15T14:29:47+00",5,"CAD",,,,"debit",,"@jessyjr97",
"peer transfer","2021-07-15T14:38:12+00",,,5,"CAD",,"credit",,"@jessyjr97",
"shakingsats","2021-07-16T13:37:12+00",,,0.00000685,"BTC",,"credit","40091.3589",,
"peer transfer","2021-07-16T14:18:49+00",5,"CAD",,,,"debit",,"@jessyjr97",
"peer transfer","2021-07-16T15:04:35+00",,,5,"CAD",,"credit",,"@jessyjr97",
"shakingsats","2021-07-17T12:52:15+00",,,0.00000685,"BTC",,"credit","39679.3482",,
"peer transfer","2021-07-17T12:53:45+00",5,"CAD",,,,"debit",,"@jessyjr97",
"peer transfer","2021-07-17T17:36:00+00",,,5,"CAD",,"credit",,"@jessyjr97",
"shakingsats","2021-07-18T14:41:55+00",,,0.0000069,"BTC",,"credit","39388.6637",,
"peer transfer","2021-07-18T14:42:37+00",5,"CAD",,,,"debit",,"@jessyjr97",
"peer transfer","2021-07-18T15:19:20+00",,,5,"CAD",,"credit",,"@jessyjr97",
"purchase/sale","2021-07-19T13:11:04+00",5,"CAD",0.00012659,"BTC","39545.8958","purchase",,,
"shakingsats","2021-07-19T13:56:39+00",,,0.00000695,"BTC",,"credit","39074.0666",,
"peer transfer","2021-07-19T22:23:53+00",,,5,"CAD",,"credit",,"@jessyjr97",
"purchase/sale","2021-07-20T02:32:26+00",10,"CAD",0.00025642,"BTC","39013.5004","purchase",,,
"peer transfer","2021-07-20T02:40:51+00",5,"CAD",,,,"debit",,"@jessyjr97",
"shakingsats","2021-07-20T05:01:11+00",,,0.000007,"BTC",,"credit","37846.1047",,
"shakingsats","2021-07-21T13:51:13+00",,,0.00000705,"BTC",,"credit","39847.2381",,
"peer transfer","2021-07-21T13:52:13+00",5,"CAD",,,,"debit",,"@jessyjr97",
"peer transfer","2021-07-21T21:36:00+00",,,5,"CAD",,"credit",,"@jessyjr97",
"peer transfer","2021-07-21T21:56:22+00",,,5,"CAD",,"credit",,"@jessyjr97",
"shakingsats","2021-07-22T13:15:53+00",,,0.0000071,"BTC",,"credit","40374.0579",,
"peer transfer","2021-07-22T13:16:40+00",5,"CAD",,,,"debit",,"@jessyjr97",
"peer transfer","2021-07-22T23:29:19+00",5,"CAD",,,,"debit",,"@jessyjr97",
"peer transfer","2021-07-22T23:30:05+00",,,5,"CAD",,"credit",,"@jessyjr97",
"shakingsats","2021-07-23T13:09:24+00",,,0.00000715,"BTC",,"credit","40721.9834",,
"peer transfer","2021-07-23T17:02:09+00",,,5,"CAD",,"credit",,"@jessyjr97",
"peer transfer","2021-07-23T17:21:31+00",5,"CAD",,,,"debit",,"@jessyjr97",
"shakingsats","2021-07-24T05:17:07+00",,,0.0000072,"BTC",,"credit","42259.9755",,
"peer transfer","2021-07-24T05:17:21+00",5,"CAD",,,,"debit",,"@jessyjr97",
"peer transfer","2021-07-24T05:19:37+00",,,5,"CAD",,"credit",,"@jessyjr97",
"peer transfer","2021-07-25T05:20:49+00",,,5,"CAD",,"credit",,"@jessyjr97",
"shakingsats","2021-07-25T10:11:47+00",,,0.0000072,"BTC",,"credit","43471.3921",,
"peer transfer","2021-07-25T10:12:03+00",5,"CAD",,,,"debit",,"@jessyjr97",
"shakingsats","2021-07-26T10:39:21+00",,,0.00000725,"BTC",,"credit","48191.3070",,
"peer transfer","2021-07-26T12:17:25+00",,,5,"CAD",,"credit",,"@jessyjr97",
"peer transfer","2021-07-26T13:51:36+00",5,"CAD",,,,"debit",,"@jessyjr97",
"shakingsats","2021-07-27T12:55:40+00",,,0.0000073,"BTC",,"credit","48262.0256",,
"peer transfer","2021-07-27T12:55:55+00",5,"CAD",,,,"debit",,"@jessyjr97",
"peer transfer","2021-07-28T11:42:01+00",,,5,"CAD",,"credit",,"@jessyjr97",
"shakingsats","2021-07-28T14:34:25+00",,,0.00000735,"BTC",,"credit","49905.1019",,
"peer transfer","2021-07-28T14:34:47+00",5,"CAD",,,,"debit",,"@jessyjr97",
"peer transfer","2021-07-29T11:17:50+00",,,5,"CAD",,"credit",,"@jessyjr97",
"shakingsats","2021-07-29T11:27:33+00",,,0.0000074,"BTC",,"credit","50088.7991",,
"peer transfer","2021-07-29T11:28:16+00",5,"CAD",,,,"debit",,"@jessyjr97",
"peer transfer","2021-07-29T20:23:05+00",,,5,"CAD",,"credit",,"@jessyjr97",
"shakingsats","2021-07-30T12:18:01+00",,,0.0000074,"BTC",,"credit","48236.9978",,
"peer transfer","2021-07-30T12:18:11+00",5,"CAD",,,,"debit",,"@jessyjr97",
"peer transfer","2021-07-30T12:25:39+00",,,5,"CAD",,"credit",,"@jessyjr97",
"shakingsats","2021-07-31T14:53:48+00",,,0.00000745,"BTC",,"credit","51659.9660",,
"peer transfer","2021-07-31T14:54:00+00",5,"CAD",,,,"debit",,"@jessyjr97",
"peer transfer","2021-07-31T15:30:05+00",,,5,"CAD",,"credit",,"@jessyjr97",
"shakingsats","2021-08-01T06:14:43+00",,,0.0000075,"BTC",,"credit","52165.1801",,
"peer transfer","2021-08-01T06:15:01+00",5,"CAD",,,,"debit",,"@jessyjr97",
"peer transfer","2021-08-01T06:15:34+00",,,5,"CAD",,"credit",,"@jessyjr97",
"shakingsats","2021-08-02T10:31:02+00",,,0.00000755,"BTC",,"credit","49418.9483",,
"peer transfer","2021-08-02T10:31:18+00",5,"CAD",,,,"debit",,"@jessyjr97",
"peer transfer","2021-08-02T11:19:26+00",,,5,"CAD",,"credit",,"@jessyjr97",
"shakingsats","2021-08-03T04:13:40+00",,,0.0000076,"BTC",,"credit","48391.9647",,
"peer transfer","2021-08-03T04:13:49+00",5,"CAD",,,,"debit",,"@jessyjr97",
"peer transfer","2021-08-03T21:34:31+00",,,5,"CAD",,"credit",,"@jessyjr97",
"shakingsats","2021-08-04T11:05:17+00",,,0.0000076,"BTC",,"credit","47891.2741",,
"peer transfer","2021-08-04T11:05:30+00",5,"CAD",,,,"debit",,"@jessyjr97",
"peer transfer","2021-08-04T11:36:35+00",,,5,"CAD",,"credit",,"@jessyjr97",
"shakingsats","2021-08-05T10:55:07+00",,,0.00000765,"BTC",,"credit","47537.6163",,
"peer transfer","2021-08-05T10:55:21+00",5,"CAD",,,,"debit",,"@jessyjr97",
"peer transfer","2021-08-05T11:01:40+00",,,5,"CAD",,"credit",,"@jessyjr97",
"peer transfer","2021-08-06T13:28:16+00",,,5,"CAD",,"credit",,"@jessyjr97",
"shakingsats","2021-08-06T13:28:45+00",,,0.0000077,"BTC",,"credit","51350.8471",,
"peer transfer","2021-08-06T13:28:55+00",5,"CAD",,,,"debit",,"@jessyjr97",
"shakingsats","2021-08-07T14:00:18+00",,,0.00000775,"BTC",,"credit","54249.9358",,
"peer transfer","2021-08-07T14:00:28+00",5,"CAD",,,,"debit",,"@jessyjr97",
"peer transfer","2021-08-07T15:04:37+00",,,5,"CAD",,"credit",,"@jessyjr97",
"shakingsats","2021-08-08T11:36:16+00",,,0.00000775,"BTC",,"credit","56032.8907",,
"peer transfer","2021-08-08T11:36:26+00",5,"CAD",,,,"debit",,"@jessyjr97",
"peer transfer","2021-08-08T15:22:09+00",,,5,"CAD",,"credit",,"@jessyjr97",
"shakingsats","2021-08-09T15:13:16+00",,,0.0000078,"BTC",,"credit","57742.7105",,
"peer transfer","2021-08-09T17:13:16+00",,,5,"CAD",,"credit",,"@jessyjr97",
"peer transfer","2021-08-09T18:44:27+00",5,"CAD",,,,"debit",,"@jessyjr97",
"shakingsats","2021-08-10T10:24:18+00",,,0.00000785,"BTC",,"credit","57515.5301",,
"peer transfer","2021-08-10T10:24:29+00",5,"CAD",,,,"debit",,"@jessyjr97",
"peer transfer","2021-08-10T11:18:58+00",,,5,"CAD",,"credit",,"@jessyjr97",
"shakingsats","2021-08-11T11:38:26+00",,,0.00000785,"BTC",,"credit","57677.3580",,
"peer transfer","2021-08-11T15:41:45+00",,,5,"CAD",,"credit",,"@jessyjr97",
"peer transfer","2021-08-11T16:01:12+00",5,"CAD",,,,"debit",,"@jessyjr97",
"shakingsats","2021-08-12T09:59:11+00",,,0.0000079,"BTC",,"credit","56739.6682",,
"peer transfer","2021-08-12T11:19:34+00",5,"CAD",,,,"debit",,"@jessyjr97",
"peer transfer","2021-08-12T12:31:20+00",,,5,"CAD",,"credit",,"@jessyjr97",
"shakingsats","2021-08-13T10:04:57+00",,,0.00000795,"BTC",,"credit","58037.6094",,
"peer transfer","2021-08-13T10:05:07+00",5,"CAD",,,,"debit",,"@jessyjr97",
"peer transfer","2021-08-13T11:30:17+00",,,5,"CAD",,"credit",,"@jessyjr97",
"peer transfer","2021-08-14T15:23:16+00",,,5,"CAD",,"credit",,"@jessyjr97",
"shakingsats","2021-08-14T15:23:52+00",,,0.000008,"BTC",,"credit","58602.0032",,
"peer transfer","2021-08-14T15:24:00+00",5,"CAD",,,,"debit",,"@jessyjr97",
"peer transfer","2021-08-15T04:54:09+00",,,5,"CAD",,"credit",,"@jessyjr97",
"shakingsats","2021-08-15T13:12:10+00",,,0.000008,"BTC",,"credit","57466.3481",,
"peer transfer","2021-08-15T13:12:29+00",5,"CAD",,,,"debit",,"@jessyjr97",
"shakingsats","2021-08-16T10:04:48+00",,,0.00000805,"BTC",,"credit","59528.1285",,
"peer transfer","2021-08-16T10:05:16+00",5,"CAD",,,,"debit",,"@jessyjr97",
"peer transfer","2021-08-16T12:18:34+00",,,5,"CAD",,"credit",,"@jessyjr97",
"shakingsats","2021-08-17T10:08:59+00",,,0.0000081,"BTC",,"credit","59057.2938",,
"peer transfer","2021-08-17T11:58:49+00",5,"CAD",,,,"debit",,"@jessyjr97",
"peer transfer","2021-08-17T12:30:19+00",,,5,"CAD",,"credit",,"@jessyjr97",
"shakingsats","2021-08-18T11:23:36+00",,,0.0000081,"BTC",,"credit","57141.6321",,
"peer transfer","2021-08-18T12:26:18+00",,,5,"CAD",,"credit",,"@jessyjr97",
"peer transfer","2021-08-18T20:26:47+00",5,"CAD",,,,"debit",,"@jessyjr97",
"peer transfer","2021-08-19T11:25:28+00",,,5,"CAD",,"credit",,"@jessyjr97",
"shakingsats","2021-08-19T11:27:16+00",,,0.00000815,"BTC",,"credit","56582.1330",,
"peer transfer","2021-08-19T11:27:28+00",5,"CAD",,,,"debit",,"@jessyjr97",
"shakingsats","2021-08-20T10:50:18+00",,,0.0000082,"BTC",,"credit","60959.3519",,
"peer transfer","2021-08-20T10:51:19+00",5,"CAD",,,,"debit",,"@jessyjr97",
"peer transfer","2021-08-20T11:42:15+00",,,5,"CAD",,"credit",,"@jessyjr97",
"peer transfer","2021-08-21T14:07:14+00",,,5,"CAD",,"credit",,"@jessyjr97",
"shakingsats","2021-08-21T14:21:06+00",,,0.0000082,"BTC",,"credit","62909.2990",,
"peer transfer","2021-08-21T14:21:20+00",5,"CAD",,,,"debit",,"@jessyjr97",
"shakingsats","2021-08-22T14:52:00+00",,,0.00000825,"BTC",,"credit","62219.2181",,
"peer transfer","2021-08-22T14:52:25+00",5,"CAD",,,,"debit",,"@jessyjr97",
"peer transfer","2021-08-22T15:48:44+00",,,5,"CAD",,"credit",,"@jessyjr97",
"shakingsats","2021-08-23T10:45:47+00",,,0.00000825,"BTC",,"credit","63911.0845",,
"peer transfer","2021-08-23T11:55:51+00",5,"CAD",,,,"debit",,"@jessyjr97",
"peer transfer","2021-08-23T11:56:10+00",,,5,"CAD",,"credit",,"@jessyjr97",
"shakingsats","2021-08-24T19:09:31+00",,,0.0000083,"BTC",,"credit","60677.6199",,
"peer transfer","2021-08-24T19:09:42+00",5,"CAD",,,,"debit",,"@jessyjr97",
"shakingsats","2021-08-25T11:56:07+00",,,0.00000835,"BTC",,"credit","60094.6181",,
"peer transfer","2021-08-25T12:06:03+00",5,"CAD",,,,"debit",,"@jessyjr97",
"peer transfer","2021-08-25T12:07:09+00",,,10,"CAD",,"credit",,"@jessyjr97",
"shakingsats","2021-08-26T10:09:56+00",,,0.00000835,"BTC",,"credit","59084.7336",,
"peer transfer","2021-08-26T11:53:05+00",5,"CAD",,,,"debit",,"@jessyjr97",
"peer transfer","2021-08-26T11:59:53+00",,,5,"CAD",,"credit",,"@jessyjr97",
"shakingsats","2021-08-27T10:56:20+00",,,0.0000084,"BTC",,"credit","60183.4097",,
"peer transfer","2021-08-27T12:06:56+00",,,5,"CAD",,"credit",,"@jessyjr97",
"peer transfer","2021-08-27T21:16:49+00",5,"CAD",,,,"debit",,"@jessyjr97",
"peer transfer","2021-08-28T17:10:43+00",,,5,"CAD",,"credit",,"@jessyjr97",
"shakingsats","2021-08-28T17:12:47+00",,,0.00000845,"BTC",,"credit","61835.3729",,
"peer transfer","2021-08-28T17:12:58+00",5,"CAD",,,,"debit",,"@jessyjr97",
"shakingsats","2021-08-29T04:44:46+00",,,0.00000845,"BTC",,"credit","60985.7247",,
"peer transfer","2021-08-29T12:25:55+00",5,"CAD",,,,"debit",,"@jessyjr97",
"peer transfer","2021-08-29T15:00:49+00",,,5,"CAD",,"credit",,"@jessyjr97",
"shakingsats","2021-08-30T10:29:23+00",,,0.0000085,"BTC",,"credit","60418.7471",,
"peer transfer","2021-08-30T10:29:50+00",5,"CAD",,,,"debit",,"@jessyjr97",
"peer transfer","2021-08-30T12:24:04+00",,,5,"CAD",,"credit",,"@jessyjr97",
"shakingsats","2021-08-31T13:01:51+00",,,0.0000085,"BTC",,"credit","60338.1199",,
"peer transfer","2021-08-31T14:50:15+00",5,"CAD",,,,"debit",,"@jessyjr97",
"peer transfer","2021-08-31T16:16:57+00",,,5,"CAD",,"credit",,"@jessyjr97",
"shakingsats","2021-09-01T11:27:49+00",,,0.00000855,"BTC",,"credit","60050.9907",,
"peer transfer","2021-09-01T11:28:05+00",5,"CAD",,,,"debit",,"@jessyjr97",
"peer transfer","2021-09-01T11:49:25+00",,,5,"CAD",,"credit",,"@jessyjr97",
"purchase/sale","2021-09-01T16:32:59+00",0.01111001,"ETH",50,"CAD","4546.5330","sale",,,
"peer transfer","2021-09-03T00:24:34+00",,,5,"CAD",,"credit",,"@jessyjr97",
"shakingsats","2021-09-03T00:44:22+00",,,0.00000855,"BTC",,"credit","61097.1702",,
"peer transfer","2021-09-03T00:44:50+00",5,"CAD",,,,"debit",,"@jessyjr97",
"peer transfer","2021-09-03T12:46:58+00",,,5,"CAD",,"credit",,"@jessyjr97",
"shakingsats","2021-09-03T13:07:02+00",,,0.0000086,"BTC",,"credit","63607.4730",,
"peer transfer","2021-09-03T13:07:10+00",5,"CAD",,,,"debit",,"@jessyjr97",
"peer transfer","2021-09-04T04:23:12+00",,,5,"CAD",,"credit",,"@jessyjr97",
"shakingsats","2021-09-04T11:52:10+00",,,0.00000865,"BTC",,"credit","62587.1880",,
"peer transfer","2021-09-04T11:52:20+00",5,"CAD",,,,"debit",,"@jessyjr97",
"shakingsats","2021-09-05T04:57:10+00",,,0.00000865,"BTC",,"credit","62425.6605",,
"peer transfer","2021-09-05T04:57:54+00",5,"CAD",,,,"debit",,"@jessyjr97",
"peer transfer","2021-09-05T04:58:12+00",,,5,"CAD",,"credit",,"@jessyjr97",
"peer transfer","2021-09-06T15:03:56+00",,,5,"CAD",,"credit",,"@jessyjr97",
"shakingsats","2021-09-06T16:45:59+00",,,0.0000087,"BTC",,"credit","64739.3111",,
"peer transfer","2021-09-06T16:46:12+00",5,"CAD",,,,"debit",,"@jessyjr97",
"shakingsats","2021-09-07T11:56:21+00",,,0.0000087,"BTC",,"credit","64222.0362",,
"peer transfer","2021-09-07T11:56:33+00",5,"CAD",,,,"debit",,"@jessyjr97",
"peer transfer","2021-09-07T11:56:49+00",,,5,"CAD",,"credit",,"@jessyjr97",
"shakingsats","2021-09-08T15:08:57+00",,,0.00000875,"BTC",,"credit","58292.0541",,
"peer transfer","2021-09-08T15:09:54+00",5,"CAD",,,,"debit",,"@jessyjr97",
"peer transfer","2021-09-08T15:34:51+00",,,5,"CAD",,"credit",,"@jessyjr97",
"shakingsats","2021-09-09T18:19:25+00",,,0.00000875,"BTC",,"credit","58933.9142",,
"peer transfer","2021-09-09T18:25:15+00",5,"CAD",,,,"debit",,"@jessyjr97",
"peer transfer","2021-09-10T01:21:00+00",,,5,"CAD",,"credit",,"@jessyjr97",
"shakingsats","2021-09-10T11:37:44+00",,,0.0000088,"BTC",,"credit","58201.3794",,
"peer transfer","2021-09-10T11:38:12+00",5,"CAD",,,,"debit",,"@jessyjr97",
"peer transfer","2021-09-10T12:15:13+00",,,5,"CAD",,"credit",,"@jessyjr97",
"shakingsats","2021-09-11T16:03:50+00",,,0.0000088,"BTC",,"credit","57865.4262",,
"purchase/sale","2021-09-11T16:09:46+00",50,"CAD",0.0118032064332698,"ETH","4236.1370","purchase",,,
"shakingsats","2021-09-12T15:50:23+00",,,0.00000885,"BTC",,"credit","58180.7560",,
"peer transfer","2021-09-12T18:59:19+00",,,5,"CAD",,"credit",,"@jessyjr97",
"peer transfer","2021-09-12T19:25:42+00",5,"CAD",,,,"debit",,"@jessyjr97",
"peer transfer","2021-09-13T13:58:20+00",,,5,"CAD",,"credit",,"@jessyjr97",
"shakingsats","2021-09-13T13:58:34+00",,,0.00000885,"BTC",,"credit","58638.5040",,
"peer transfer","2021-09-13T13:58:43+00",5,"CAD",,,,"debit",,"@jessyjr97",
"peer transfer","2021-09-13T20:47:42+00",5,"CAD",,,,"debit",,"@bitbuyguy",
"peer transfer","2021-09-13T21:01:51+00",,,5,"CAD",,"credit",,"@bitbuyguy",
"shakingsats","2021-09-14T14:45:39+00",,,0.0000089,"BTC",,"credit","58830.7598",,
"peer transfer","2021-09-14T14:46:22+00",5,"CAD",,,,"debit",,"@jessyjr97",
"purchase/sale","2021-09-14T15:03:17+00",20,"CAD",0.00033364,"BTC","59944.7931","purchase",,,
"peer transfer","2021-09-14T17:10:59+00",,,5,"CAD",,"credit",,"@jessyjr97",
"shakingsats","2021-09-15T11:30:40+00",,,0.0000089,"BTC",,"credit","60253.5984",,
"peer transfer","2021-09-15T11:30:57+00",5,"CAD",,,,"debit",,"@jessyjr97",
"peer transfer","2021-09-15T12:33:01+00",,,5,"CAD",,"credit",,"@jessyjr97",
"purchase/sale","2021-09-16T00:00:44+00",0.01111222,"ETH",50.01,"CAD","4502.4271","sale",,,
"shakingsats","2021-09-16T06:17:19+00",,,0.00000895,"BTC",,"credit","61059.5908",,
"peer transfer","2021-09-16T12:09:57+00",,,5,"CAD",,"credit",,"@jessyjr97",
"peer transfer","2021-09-16T12:37:54+00",5,"CAD",,,,"debit",,"@jessyjr97",
"peer transfer","2021-09-16T22:22:33+00",5,"CAD",,,,"debit",,"@jessyjr97",
"peer transfer","2021-09-17T11:47:13+00",,,5,"CAD",,"credit",,"@jessyjr97",
"shakingsats","2021-09-17T12:12:19+00",,,0.00000895,"BTC",,"credit","59892.1000",,
"peer transfer","2021-09-17T12:12:47+00",0.01,"CAD",,,,"debit",,"@jessyjr97",
"peer transfer","2021-09-18T13:11:20+00",,,5.01,"CAD",,"credit",,"@jessyjr97",
"shakingsats","2021-09-18T13:12:07+00",,,0.000009,"BTC",,"credit","61759.8881",,
"peer transfer","2021-09-18T13:12:36+00",5,"CAD",,,,"debit",,"@jessyjr97",
"shakingsats","2021-09-19T13:16:47+00",,,0.000009,"BTC",,"credit","60484.8675",,
"peer transfer","2021-09-19T13:17:15+00",5,"CAD",,,,"debit",,"@jessyjr97",
"peer transfer","2021-09-19T17:31:05+00",,,5,"CAD",,"credit",,"@jessyjr97",
"purchase/sale","2021-09-20T02:34:50+00",20,"CAD",0.00033334,"BTC","59950.6614","purchase",,,
"shakingsats","2021-09-20T11:34:36+00",,,0.00000905,"BTC",,"credit","56611.5349",,
"purchase/sale","2021-09-20T11:38:05+00",20,"CAD",0.00500125031257815,"ETH","3997.5425","purchase",,,
"purchase/sale","2021-09-20T11:42:35+00",20,"CAD",0.00035089,"BTC","56964.4122","purchase",,,
"peer transfer","2021-09-20T11:42:48+00",5,"CAD",,,,"debit",,"@jessyjr97",
"peer transfer","2021-09-20T11:43:32+00",0.01,"CAD",,,,"debit",,"@jessyjr97",
"peer transfer","2021-09-20T12:18:00+00",,,5.01,"CAD",,"credit",,"@jessyjr97",
"shakingsats","2021-09-21T05:28:29+00",,,0.00000905,"BTC",,"credit","53986.4947",,
"peer transfer","2021-09-21T18:33:22+00",,,5,"CAD",,"credit",,"@jessyjr97",
"peer transfer","2021-09-21T18:38:15+00",5,"CAD",,,,"debit",,"@jessyjr97",
"shakingsats","2021-09-22T14:26:59+00",,,0.0000091,"BTC",,"credit","54330.2345",,
"peer transfer","2021-09-22T16:01:28+00",5,"CAD",,,,"debit",,"@jessyjr97",
"peer transfer","2021-09-22T22:42:42+00",,,5,"CAD",,"credit",,"@jessyjr97",
"shakingsats","2021-09-23T13:36:33+00",,,0.0000091,"BTC",,"credit","55464.4981",,
"peer transfer","2021-09-23T17:11:17+00",5,"CAD",,,,"debit",,"@jessyjr97",
"peer transfer","2021-09-23T18:54:11+00",,,5,"CAD",,"credit",,"@jessyjr97",
"shakingsats","2021-09-24T13:15:54+00",,,0.00000915,"BTC",,"credit","52417.7322",,
"peer transfer","2021-09-24T13:16:12+00",5,"CAD",,,,"debit",,"@jessyjr97",
"peer transfer","2021-09-24T13:31:59+00",,,5,"CAD",,"credit",,"@jessyjr97",
"peer transfer","2021-09-24T19:50:54+00",5,"CAD",,,,"debit",,"@jessyjr97",
"peer transfer","2021-09-24T19:50:56+00",,,5,"CAD",,"credit",,"@jessyjr97",
"peer transfer","2021-09-25T18:51:24+00",,,5,"CAD",,"credit",,"@jessyjr97",
"shakingsats","2021-09-25T19:09:11+00",,,0.00000915,"BTC",,"credit","53991.4349",,
"peer transfer","2021-09-25T19:09:22+00",5,"CAD",,,,"debit",,"@jessyjr97",
"peer transfer","2021-09-26T15:18:53+00",,,5,"CAD",,"credit",,"@jessyjr97",
"shakingsats","2021-09-26T15:24:23+00",,,0.0000092,"BTC",,"credit","54829.7188",,
"peer transfer","2021-09-26T15:24:42+00",5,"CAD",,,,"debit",,"@jessyjr97",
"shakingsats","2021-09-27T13:36:04+00",,,0.0000092,"BTC",,"credit","55034.7567",,
"peer transfer","2021-09-27T13:36:20+00",5,"CAD",,,,"debit",,"@jessyjr97",
"peer transfer","2021-09-27T14:01:44+00",,,5,"CAD",,"credit",,"@jessyjr97",
"shakingsats","2021-09-28T16:00:27+00",,,0.0000092,"BTC",,"credit","52616.1315",,
"peer transfer","2021-09-28T16:01:07+00",5,"CAD",,,,"debit",,"@jessyjr97",
"peer transfer","2021-09-28T17:11:32+00",,,5,"CAD",,"credit",,"@jessyjr97",
"peer transfer","2021-09-29T12:34:11+00",,,5,"CAD",,"credit",,"@jessyjr97",
"shakingsats","2021-09-29T12:43:35+00",,,0.00000925,"BTC",,"credit","53384.6354",,
"peer transfer","2021-09-29T12:43:47+00",5,"CAD",,,,"debit",,"@jessyjr97",
"peer transfer","2021-09-30T12:21:46+00",,,5,"CAD",,"credit",,"@jessyjr97",
"shakingsats","2021-09-30T12:44:34+00",,,0.00000925,"BTC",,"credit","55625.2692",,
"peer transfer","2021-09-30T12:44:52+00",5,"CAD",,,,"debit",,"@jessyjr97",
"shakingsats","2021-10-01T04:10:44+00",,,0.0000093,"BTC",,"credit","55504.8039",,
"peer transfer","2021-10-01T04:11:07+00",5,"CAD",,,,"debit",,"@jessyjr97",
"peer transfer","2021-10-01T12:12:17+00",,,5,"CAD",,"credit",,"@jessyjr97",
"shakingsats","2021-10-02T04:37:29+00",,,0.0000093,"BTC",,"credit","60172.0184",,
"peer transfer","2021-10-02T04:37:39+00",5,"CAD",,,,"debit",,"@jessyjr97",
"peer transfer","2021-10-02T17:36:13+00",,,5,"CAD",,"credit",,"@jessyjr97",
"peer transfer","2021-10-03T16:14:50+00",,,0.69,"CAD",,"credit",,"@jessyjr97",
"shakingsats","2021-10-03T16:15:07+00",,,0.00000935,"BTC",,"credit","60576.5463",,
"peer transfer","2021-10-03T16:15:35+00",0.7,"CAD",,,,"debit",,"@jessyjr97",
"shakingsats","2021-10-04T04:38:24+00",,,0.00000935,"BTC",,"credit","60277.2625",,
"peer transfer","2021-10-04T04:39:04+00",4.2,"CAD",,,,"debit",,"@jessyjr97",
"peer transfer","2021-10-04T04:39:42+00",0.01,"CAD",,,,"debit",,"@jessyjr97",
"peer transfer","2021-10-04T11:43:50+00",,,4.22,"CAD",,"credit",,"@jessyjr97",
"peer transfer","2021-10-04T15:34:23+00",0.42,"CAD",,,,"debit",,"@jessyjr97",
"shakingsats","2021-10-05T11:57:15+00",,,0.00000935,"BTC",,"credit","62806.6861",,
"peer transfer","2021-10-05T11:59:33+00",1.23,"CAD",,,,"debit",,"@jessyjr97",
"peer transfer","2021-10-05T12:07:28+00",,,1.23,"CAD",,"credit",,"@jessyjr97",
"peer transfer","2021-10-06T10:51:13+00",,,1.42,"CAD",,"credit",,"@jessyjr97",
"shakingsats","2021-10-06T10:51:23+00",,,0.0000094,"BTC",,"credit","64849.1230",,
"peer transfer","2021-10-06T10:52:29+00",1,"CAD",,,,"debit",,"@jessyjr97",
"purchase/sale","2021-10-06T12:22:29+00",0.00030776,"BTC",20.01,"CAD","65198.9979","sale",,,
"purchase/sale","2021-10-06T13:20:52+00",0.00029594,"BTC",20,"CAD","67594.2265","sale",,,
"peer transfer","2021-10-06T13:23:19+00",0.01,"CAD",,,,"debit",,"@jessyjr97",
"purchase/sale","2021-10-06T14:02:25+00",0.00336777941,"ETH",14.94,"CAD","4436.2501","sale",,,
"peer transfer","2021-10-06T14:14:04+00",,,0.01,"CAD",,"credit",,"@jessyjr97",
"peer transfer","2021-10-06T14:16:21+00",0.01,"CAD",,,,"debit",,"@jessyjr97",
"purchase/sale","2021-10-06T14:30:30+00",0.00022185,"BTC",15,"CAD","67617.2808","sale",,,
"purchase/sale","2021-10-06T14:56:35+00",0.00029405,"BTC",20,"CAD","68016.1671","sale",,,
"peer transfer","2021-10-06T15:19:01+00",,,0.01,"CAD",,"credit",,"@jessyjr97",
"purchase/sale","2021-10-06T15:28:56+00",0.0001464,"BTC",10,"CAD","68311.8213","sale",,,
"purchase/sale","2021-10-06T15:40:35+00",0.000292,"BTC",20.01,"CAD","68550.9491","sale",,,
"purchase/sale","2021-10-06T15:46:18+00",0.0022226,"ETH",9.99,"CAD","4496.7756","sale",,,
"peer transfer","2021-10-07T11:32:51+00",,,1,"CAD",,"credit",,"@jessyjr97",
"shakingsats","2021-10-07T11:45:47+00",,,0.0000094,"BTC",,"credit","68134.1284",,
"peer transfer","2021-10-07T19:09:50+00",1,"CAD",,,,"debit",,"@jessyjr97",
"shakingsats","2021-10-08T16:47:41+00",,,0.00000945,"BTC",,"credit","67963.4235",,
"peer transfer","2021-10-08T21:56:16+00",,,1,"CAD",,"credit",,"@jessyjr97",
"peer transfer","2021-10-09T02:18:48+00",1,"CAD",,,,"debit",,"@jessyjr97",
"shakingsats","2021-10-09T15:31:03+00",,,0.00000945,"BTC",,"credit","68767.2648",,
"shakingsats","2021-10-10T13:54:43+00",,,0.00000945,"BTC",,"credit","68902.7178",,
"peer transfer","2021-10-10T13:54:57+00",1,"CAD",,,,"debit",,"@jessyjr97",
"peer transfer","2021-10-10T18:08:16+00",,,1,"CAD",,"credit",,"@jessyjr97",
"purchase/sale","2021-10-11T07:05:22+00",0.0016429,"BTC",115.01,"CAD","70053.0338","sale",,,
"fiat cashout","2021-10-11T13:02:24+00",200,"CAD",,,,"debit",,"etiennecloutier00@gmail.com",
"shakingsats","2021-10-11T13:03:27+00",,,0.0000095,"BTC",,"credit","70560.9936",,
"peer transfer","2021-10-11T13:03:55+00",1,"CAD",,,,"debit",,"@jessyjr97",
"peer transfer","2021-10-11T13:30:27+00",,,1,"CAD",,"credit",,"@jessyjr97",
"peer transfer","2021-10-12T04:04:59+00",,,1,"CAD",,"credit",,"@jessyjr97",
"shakingsats","2021-10-12T12:27:59+00",,,0.0000095,"BTC",,"credit","70953.5554",,
"peer transfer","2021-10-12T12:28:12+00",1,"CAD",,,,"debit",,"@jessyjr97",
"shakingsats","2021-10-13T12:27:21+00",,,0.00000955,"BTC",,"credit","68509.7581",,
"peer transfer","2021-10-13T13:46:25+00",1,"CAD",,,,"debit",,"@jessyjr97",
"peer transfer","2021-10-13T14:18:45+00",,,1,"CAD",,"credit",,"@jessyjr97",
"peer transfer","2021-10-13T14:21:36+00",1,"CAD",,,,"debit",,"@bitbuyguy",
"peer transfer","2021-10-13T16:23:04+00",,,1,"CAD",,"credit",,"@bitbuyguy",
"peer transfer","2021-10-13T16:25:35+00",1,"CAD",,,,"debit",,"@bitbuyguy",
"peer transfer","2021-10-13T16:27:08+00",,,1,"CAD",,"credit",,"@bitbuyguy",
"shakingsats","2021-10-14T14:55:38+00",,,0.00000955,"BTC",,"credit","71069.3543",,
"peer transfer","2021-10-14T14:55:54+00",1,"CAD",,,,"debit",,"@jessyjr97",
"peer transfer","2021-10-14T21:13:36+00",,,1,"CAD",,"credit",,"@jessyjr97",
"shakingsats","2021-10-15T04:03:55+00",,,0.00000955,"BTC",,"credit","73405.0833",,
"peer transfer","2021-10-15T12:53:21+00",1,"CAD",,,,"debit",,"@jessyjr97",
"peer transfer","2021-10-15T16:25:24+00",,,1,"CAD",,"credit",,"@jessyjr97",
"purchase/sale","2021-10-15T17:56:33+00",10,"CAD",0.00012925,"BTC","77367.0536","purchase",,,
"shakingsats","2021-10-16T12:10:31+00",,,0.0000096,"BTC",,"credit","76091.3145",,
"peer transfer","2021-10-16T12:10:54+00",1,"CAD",,,,"debit",,"@jessyjr97",
"peer transfer","2021-10-16T13:06:08+00",,,1,"CAD",,"credit",,"@jessyjr97",
"peer transfer","2021-10-17T06:32:17+00",,,5,"CAD",,"credit",,"@jessyjr97",
"peer transfer","2021-10-17T06:42:50+00",1,"CAD",,,,"debit",,"@jessyjr97",
"peer transfer","2021-10-17T06:43:09+00",4,"CAD",,,,"debit",,"@jessyjr97",
"shakingsats","2021-10-17T06:50:52+00",,,0.0000096,"BTC",,"credit","75117.2210",,
"peer transfer","2021-10-18T09:52:23+00",,,5,"CAD",,"credit",,"@jessyjr97",
"shakingsats","2021-10-18T12:06:14+00",,,0.0000096,"BTC",,"credit","75465.4463",,
"peer transfer","2021-10-18T12:06:39+00",5,"CAD",,,,"debit",,"@jessyjr97",
"shakingsats","2021-10-19T05:20:32+00",,,0.00000965,"BTC",,"credit","77003.6063",,
"peer transfer","2021-10-19T11:22:20+00",1,"CAD",,,,"debit",,"@jessyjr97",
"peer transfer","2021-10-19T11:43:01+00",,,1,"CAD",,"credit",,"@jessyjr97",
"shakingsats","2021-10-20T04:06:11+00",,,0.00000965,"BTC",,"credit","78759.0477",,
"peer transfer","2021-10-20T04:13:13+00",1,"CAD",,,,"debit",,"@jessyjr97",
"peer transfer","2021-10-20T12:10:25+00",,,1,"CAD",,"credit",,"@jessyjr97",
"shakingsats","2021-10-21T11:49:54+00",,,0.00000965,"BTC",,"credit","79900.9915",,
"purchase/sale","2021-10-21T11:51:51+00",30,"CAD",0.00037178,"BTC","80692.2844","purchase",,,
"peer transfer","2021-10-21T14:16:58+00",1,"CAD",,,,"debit",,"@jessyjr97",
"peer transfer","2021-10-21T14:52:14+00",,,1,"CAD",,"credit",,"@jessyjr97",
"shakingsats","2021-10-22T04:11:18+00",,,0.0000097,"BTC",,"credit","78101.8912",,
"peer transfer","2021-10-22T05:46:44+00",,,1,"CAD",,"credit",,"@jessyjr97",
"peer transfer","2021-10-23T17:26:42+00",,,1,"CAD",,"credit",,"@jessyjr97",
"shakingsats","2021-10-23T20:14:22+00",,,0.0000097,"BTC",,"credit","75485.7568",,
"peer transfer","2021-10-23T20:35:16+00",1,"CAD",,,,"debit",,"@jessyjr97",
"peer transfer","2021-10-23T20:35:35+00",1,"CAD",,,,"debit",,"@jessyjr97",
"peer transfer","2021-10-23T21:15:51+00",,,1,"CAD",,"credit",,"@jessyjr97",
"peer transfer","2021-10-23T21:22:16+00",1.99,"CAD",,,,"debit",,"@jessyjr97",
"peer transfer","2021-10-24T06:50:03+00",,,0.99,"CAD",,"credit",,"@jessyjr97",
"shakingsats","2021-10-24T11:37:49+00",,,0.0000097,"BTC",,"credit","74731.9854",,
"peer transfer","2021-10-24T11:38:21+00",1,"CAD",,,,"debit",,"@jessyjr97",
"shakingsats","2021-10-25T07:49:09+00",,,0.00000975,"BTC",,"credit","77403.5429",,
"peer transfer","2021-10-25T20:45:31+00",,,1,"CAD",,"credit",,"@jessyjr97",
"peer transfer","2021-10-26T04:05:42+00",,,1,"CAD",,"credit",,"@jessyjr97",
"shakingsats","2021-10-26T04:05:56+00",,,0.00000975,"BTC",,"credit","77687.8592",,
"peer transfer","2021-10-26T04:06:16+00",1.01,"CAD",,,,"debit",,"@jessyjr97",
"shakingsats","2021-10-27T04:09:30+00",,,0.00000975,"BTC",,"credit","75251.6717",,
"peer transfer","2021-10-27T04:09:52+00",1,"CAD",,,,"debit",,"@jessyjr97",
"peer transfer","2021-10-27T10:56:30+00",,,1.01,"CAD",,"credit",,"@jessyjr97",
"peer transfer","2021-10-27T11:58:29+00",0.01,"CAD",,,,"debit",,"@jessyjr97",
"shakingsats","2021-10-28T11:03:50+00",,,0.0000098,"BTC",,"credit","75469.2452",,
"peer transfer","2021-10-28T11:45:06+00",,,1.02,"CAD",,"credit",,"@jessyjr97",
"purchase/sale","2021-10-28T12:59:35+00",0.0015,"ETH",7.65,"CAD","5100.3138","sale",,,
"peer transfer","2021-10-28T13:24:35+00",1.23,"CAD",,,,"debit",,"@jessyjr97",
"peer transfer","2021-10-28T14:27:53+00",,,0.22,"CAD",,"credit",,"@jessyjr97",
"peer transfer","2021-10-28T17:50:17+00",9.73,"CAD",,,,"debit",,"@jessyjr97",
"peer transfer","2021-10-28T18:50:02+00",,,9.73,"CAD",,"credit",,"@jessyjr97",
"shakingsats","2021-10-29T10:47:04+00",,,0.0000098,"BTC",,"credit","75221.8827",,
"peer transfer","2021-10-29T19:44:49+00",1,"CAD",,,,"debit",,"@jessyjr97",
"peer transfer","2021-10-29T19:46:47+00",1,"CAD",,,,"debit",,"@jessyjr97",
"peer transfer","2021-10-29T19:50:00+00",,,1,"CAD",,"credit",,"@jessyjr97",
"peer transfer","2021-10-29T19:50:24+00",,,1,"CAD",,"credit",,"@jessyjr97",
"peer transfer","2021-10-30T04:46:13+00",,,1,"CAD",,"credit",,"@jessyjr97",
"shakingsats","2021-10-30T04:58:42+00",,,0.0000098,"BTC",,"credit","76159.3692",,
"peer transfer","2021-10-30T06:27:08+00",1,"CAD",,,,"debit",,"@jessyjr97",
"peer transfer","2021-10-31T16:17:42+00",,,5,"CAD",,"credit",,"@jessyjr97",
"shakingsats","2021-10-31T16:17:54+00",,,0.00000985,"BTC",,"credit","74721.3369",,
"peer transfer","2021-10-31T16:18:32+00",6,"CAD",,,,"debit",,"@jessyjr97",
"peer transfer","2021-10-31T16:19:32+00",,,1,"CAD",,"credit",,"@jessyjr97",
"shakingsats","2021-11-01T05:02:42+00",,,0.00000985,"BTC",,"credit","75022.9929",,
"shakingsats","2021-11-02T11:20:30+00",,,0.00000985,"BTC",,"credit","78586.9245",,
"peer transfer","2021-11-02T11:21:48+00",5,"CAD",,,,"debit",,"@jessyjr97",
"peer transfer","2021-11-02T11:42:12+00",,,5,"CAD",,"credit",,"@jessyjr97",
"shakingsats","2021-11-03T14:28:00+00",,,0.0000099,"BTC",,"credit","77107.2946",,
"peer transfer","2021-11-04T04:02:58+00",,,5,"CAD",,"credit",,"@jessyjr97",
"shakingsats","2021-11-04T04:08:35+00",,,0.0000099,"BTC",,"credit","77663.0405",,
"peer transfer","2021-11-04T04:09:17+00",5,"CAD",,,,"debit",,"@jessyjr97",
"shakingsats","2021-11-05T11:05:39+00",,,0.0000099,"BTC",,"credit","76937.6028",,
"peer transfer","2021-11-05T11:06:16+00",5,"CAD",,,,"debit",,"@jessyjr97",
"peer transfer","2021-11-05T12:12:10+00",,,10,"CAD",,"credit",,"@jessyjr97",
"peer transfer","2021-11-05T14:01:44+00",5,"CAD",,,,"debit",,"@jessyjr97",
"peer transfer","2021-11-06T05:12:05+00",,,5,"CAD",,"credit",,"@jessyjr97",
"shakingsats","2021-11-06T09:46:42+00",,,0.00000995,"BTC",,"credit","76114.0264",,
"peer transfer","2021-11-06T09:47:17+00",5,"CAD",,,,"debit",,"@jessyjr97",
"shakingsats","2021-11-07T05:15:13+00",,,0.00000995,"BTC",,"credit","77386.4840",,
"peer transfer","2021-11-07T05:15:32+00",5,"CAD",,,,"debit",,"@jessyjr97",
"peer transfer","2021-11-07T16:18:10+00",,,5,"CAD",,"credit",,"@jessyjr97",
"peer transfer","2021-11-08T13:39:48+00",,,5,"CAD",,"credit",,"@jessyjr97",
"shakingsats","2021-11-08T14:48:21+00",,,0.00000995,"BTC",,"credit","81477.2882",,
"peer transfer","2021-11-09T00:31:45+00",5,"CAD",,,,"debit",,"@jessyjr97",
"shakingsats","2021-11-09T12:01:50+00",,,0.00000995,"BTC",,"credit","84181.8814",,
"peer transfer","2021-11-09T12:02:32+00",5,"CAD",,,,"debit",,"@jessyjr97",
"peer transfer","2021-11-09T12:38:48+00",,,5,"CAD",,"credit",,"@jessyjr97",
"peer transfer","2021-11-10T11:20:41+00",,,5,"CAD",,"credit",,"@jessyjr97",
"shakingsats","2021-11-10T11:56:10+00",,,0.00001,"BTC",,"credit","82841.3416",,
"peer transfer","2021-11-10T11:56:42+00",5,"CAD",,,,"debit",,"@jessyjr97",
"peer transfer","2021-11-11T11:27:23+00",,,5,"CAD",,"credit",,"@jessyjr97",
"shakingsats","2021-11-11T11:50:09+00",,,0.00001,"BTC",,"credit","81770.8522",,
"peer transfer","2021-11-11T11:50:53+00",5,"CAD",,,,"debit",,"@jessyjr97",
"peer transfer","2021-11-12T13:11:47+00",,,5,"CAD",,"credit",,"@jessyjr97",
"shakingsats","2021-11-12T13:12:40+00",,,0.00001,"BTC",,"credit","80049.4647",,
"peer transfer","2021-11-12T13:13:14+00",5,"CAD",,,,"debit",,"@jessyjr97",
"shakingsats","2021-11-13T12:12:49+00",,,0.00001,"BTC",,"credit","79923.8646",,
"peer transfer","2021-11-13T12:13:03+00",5,"CAD",,,,"debit",,"@jessyjr97",
"peer transfer","2021-11-13T19:29:33+00",,,5,"CAD",,"credit",,"@jessyjr97",
"peer transfer","2021-11-14T03:39:58+00",0.01,"CAD",,,,"debit",,"@jessyjr97",
"peer transfer","2021-11-14T05:50:21+00",,,5,"CAD",,"credit",,"@jessyjr97",
"shakingsats","2021-11-14T14:29:07+00",,,0.00001,"BTC",,"credit","80882.8462",,
"peer transfer","2021-11-14T14:29:21+00",5,"CAD",,,,"debit",,"@jessyjr97",
"shakingsats","2021-11-15T09:52:21+00",,,0.00001,"BTC",,"credit","82706.3926",,
"peer transfer","2021-11-15T12:08:31+00",5,"CAD",,,,"debit",,"@jessyjr97",
"peer transfer","2021-11-15T12:35:37+00",,,5,"CAD",,"credit",,"@jessyjr97",
"shakingsats","2021-11-16T05:37:58+00",,,0.00001,"BTC",,"credit","76609.5285",,
"peer transfer","2021-11-16T05:38:07+00",5,"CAD",,,,"debit",,"@jessyjr97",
"peer transfer","2021-11-16T11:36:09+00",,,5,"CAD",,"credit",,"@jessyjr97",
"shakingsats","2021-11-17T12:20:33+00",,,0.00001,"BTC",,"credit","76039.5620",,
"peer transfer","2021-11-17T12:20:43+00",5,"CAD",,,,"debit",,"@jessyjr97",
"peer transfer","2021-11-17T12:56:04+00",,,5,"CAD",,"credit",,"@jessyjr97",
"shakingsats","2021-11-18T05:01:21+00",,,0.00001,"BTC",,"credit","75313.5413",,
"peer transfer","2021-11-18T05:01:52+00",5,"CAD",,,,"debit",,"@jessyjr97",
"peer transfer","2021-11-18T12:37:17+00",,,5,"CAD",,"credit",,"@jessyjr97",
"shakingsats","2021-11-19T05:07:28+00",,,0.00001,"BTC",,"credit","70958.6717",,
"peer transfer","2021-11-19T05:07:41+00",5,"CAD",,,,"debit",,"@jessyjr97",
"peer transfer","2021-11-19T13:00:47+00",,,5,"CAD",,"credit",,"@jessyjr97",
"shakingsats","2021-11-20T12:35:50+00",,,0.00001,"BTC",,"credit","74163.0202",,
"peer transfer","2021-11-21T03:29:51+00",5,"CAD",,,,"debit",,"@jessyjr97",
"peer transfer","2021-11-21T04:50:34+00",,,5,"CAD",,"credit",,"@jessyjr97",
"peer transfer","2021-11-21T05:23:08+00",,,5,"CAD",,"credit",,"@jessyjr97",
"shakingsats","2021-11-21T12:30:44+00",,,0.00001,"BTC",,"credit","74892.7239",,
"peer transfer","2021-11-21T12:31:07+00",5,"CAD",,,,"debit",,"@jessyjr97",
"shakingsats","2021-11-22T05:07:29+00",,,0.00001,"BTC",,"credit","72020.4332",,
"peer transfer","2021-11-22T23:14:43+00",5,"CAD",,,,"debit",,"@jessyjr97",
"peer transfer","2021-11-22T23:17:14+00",,,5,"CAD",,"credit",,"@jessyjr97",
"shakingsats","2021-11-23T05:21:13+00",,,0.00001,"BTC",,"credit","71885.9354",,
"peer transfer","2021-11-23T05:21:34+00",5,"CAD",,,,"debit",,"@jessyjr97",
"peer transfer","2021-11-23T12:09:18+00",,,5,"CAD",,"credit",,"@jessyjr97",
"peer transfer","2021-11-24T11:19:38+00",,,5,"CAD",,"credit",,"@jessyjr97",
"shakingsats","2021-11-24T12:31:29+00",,,0.00001,"BTC",,"credit","71814.6854",,
"peer transfer","2021-11-24T12:32:23+00",5,"CAD",,,,"debit",,"@jessyjr97",
"shakingsats","2021-11-25T14:00:04+00",,,0.00001,"BTC",,"credit","74240.7835",,
"peer transfer","2021-11-25T23:35:19+00",,,5,"CAD",,"credit",,"@jessyjr97",
"peer transfer","2021-11-26T01:18:28+00",5,"CAD",,,,"debit",,"@jessyjr97",
"shakingsats","2021-11-26T05:42:40+00",,,0.00001,"BTC",,"credit","73434.8761",,
"peer transfer","2021-11-26T13:39:31+00",,,5,"CAD",,"credit",,"@jessyjr97",
"peer transfer","2021-11-26T16:40:36+00",1,"CAD",,,,"debit",,"@jessyjr97",
"shakingsats","2021-11-27T13:33:05+00",,,0.00001,"BTC",,"credit","70410.2969",,
"peer transfer","2021-11-27T16:20:00+00",4,"CAD",,,,"debit",,"@jessyjr97",
"peer transfer","2021-11-27T16:41:07+00",,,6.66,"CAD",,"credit",,"@jessyjr97",
"peer transfer","2021-11-27T17:58:44+00",6.66,"CAD",,,,"debit",,"@jessyjr97",
"shakingsats","2021-11-28T05:04:46+00",,,0.00001,"BTC",,"credit","69380.0480",,
"shakingsats","2021-11-29T14:17:02+00",,,0.00001,"BTC",,"credit","72878.9290",,
"peer transfer","2021-11-29T14:18:46+00",5,"CAD",,,,"debit",,"@jessyjr97",
"peer transfer","2021-11-29T16:49:21+00",,,5,"CAD",,"credit",,"@jessyjr97",
"shakingsats","2021-11-30T05:01:01+00",,,0.00001,"BTC",,"credit","72965.5034",,
"peer transfer","2021-11-30T12:36:14+00",,,5,"CAD",,"credit",,"@jessyjr97",
"peer transfer","2021-12-01T12:14:53+00",,,5,"CAD",,"credit",,"@jessyjr97",
"shakingsats","2021-12-01T12:24:17+00",,,0.00001,"BTC",,"credit","72982.2391",,
"peer transfer","2021-12-01T12:24:54+00",5,"CAD",,,,"debit",,"@jessyjr97",
"peer transfer","2021-12-01T12:25:14+00",5,"CAD",,,,"debit",,"@jessyjr97",
"shakingsats","2021-12-02T12:01:49+00",,,0.00001,"BTC",,"credit","72105.3888",,
"peer transfer","2021-12-02T12:27:14+00",5,"CAD",,,,"debit",,"@jessyjr97",
"peer transfer","2021-12-02T12:59:08+00",,,5,"CAD",,"credit",,"@jessyjr97",
"fiat funding","2021-12-02T17:37:20+00",,,100,"CAD",,"credit",,"etiennecloutier00@gmail.com",
"shakingsats","2021-12-03T05:16:29+00",,,0.00001,"BTC",,"credit","72522.7607",,
"peer transfer","2021-12-03T21:32:35+00",5,"CAD",,,,"debit",,"@jessyjr97",
"peer transfer","2021-12-03T21:57:06+00",,,5,"CAD",,"credit",,"@jessyjr97",
"card transactions","2021-12-03T23:52:23+00",38.94,"CAD",,,,"debit",,"PROVIGO 8457",
"peer transfer","2021-12-04T05:00:49+00",,,5,"CAD",,"credit",,"@jessyjr97",
"shakingsats","2021-12-04T05:20:56+00",,,0.00001,"BTC",,"credit","62658.3785",,
"peer transfer","2021-12-04T05:40:48+00",5,"CAD",,,,"debit",,"@jessyjr97",
"card cashbacks","2021-12-04T13:00:39+00",,,0.00001273,"BTC",,"credit","60448.4879","@cashbacks",
"card transactions","2021-12-04T18:50:36+00",22,"CAD",,,,"debit",,"CORA STE FOY",
"shakingsats","2021-12-05T11:57:22+00",,,0.00001,"BTC",,"credit","63218.7271",,
"card cashbacks","2021-12-05T12:20:32+00",,,0.00000684,"BTC",,"credit","63523.5710","@cashbacks",
"peer transfer","2021-12-05T12:52:35+00",5,"CAD",,,,"debit",,"@jessyjr97",
"peer transfer","2021-12-05T15:59:29+00",,,5,"CAD",,"credit",,"@jessyjr97",
"shakingsats","2021-12-06T06:04:48+00",,,0.00001,"BTC",,"credit","62501.9704",,
"shakingsats","2021-12-07T05:00:33+00",,,0.00001,"BTC",,"credit","64997.7577",,
"peer transfer","2021-12-07T14:36:25+00",5,"CAD",,,,"debit",,"@jessyjr97",
"peer transfer","2021-12-07T14:37:58+00",,,5,"CAD",,"credit",,"@jessyjr97",
"card transactions","2021-12-08T00:12:22+00",19.35,"CAD",,,,"debit",,"MAXI 8649       ",
"peer transfer","2021-12-08T11:43:44+00",,,5,"CAD",,"credit",,"@jessyjr97",
"card cashbacks","2021-12-08T13:00:39+00",,,0.00000615,"BTC",,"credit","62169.4659","@cashbacks",
"shakingsats","2021-12-08T13:46:12+00",,,0.00001,"BTC",,"credit","62158.7704",,
"peer transfer","2021-12-09T04:05:39+00",10,"CAD",,,,"debit",,"@jessyjr97",
"shakingsats","2021-12-09T12:08:00+00",,,0.00001,"BTC",,"credit","62543.0611",,
"purchase/sale","2021-12-09T12:09:57+00",0.001863,"ETH",10.02,"CAD","5383.2031","sale",,,
"peer transfer","2021-12-09T12:34:06+00",,,5,"CAD",,"credit",,"@jessyjr97",
"peer transfer","2021-12-09T15:15:26+00",5,"CAD",,,,"debit",,"@jessyjr97",
"shakingsats","2021-12-10T12:09:33+00",,,0.00001,"BTC",,"credit","62362.0876",,
"peer transfer","2021-12-10T17:26:10+00",,,5,"CAD",,"credit",,"@jessyjr97",
"peer transfer","2021-12-10T17:28:29+00",5,"CAD",,,,"debit",,"@jessyjr97",
"shakingsats","2021-12-11T16:21:54+00",,,0.00001,"BTC",,"credit","62566.6972",,
"peer transfer","2021-12-11T19:16:07+00",,,5,"CAD",,"credit",,"@jessyjr97",
"fiat funding","2021-12-11T22:14:22+00",,,100,"CAD",,"credit",,"etiennecloutier00@gmail.com",
"shakingsats","2021-12-12T05:11:16+00",,,0.00001,"BTC",,"credit","62427.4202",,
"card transactions","2021-12-12T14:19:08+00",4.97,"CAD",,,,"debit",,"STOCKHOLM CAFE",
"peer transfer","2021-12-12T16:23:26+00",,,5,"CAD",,"credit",,"@jessyjr97",
"shakingsats","2021-12-13T07:10:44+00",,,0.00001,"BTC",,"credit","62143.7358",,
"card cashbacks","2021-12-13T15:20:54+00",,,0.00000161,"BTC",,"credit","60757.1784","@cashbacks",
"peer transfer","2021-12-13T18:38:12+00",,,1,"CAD",,"credit",,"@jessyjr97",
"peer transfer","2021-12-13T19:01:46+00",6,"CAD",,,,"debit",,"@jessyjr97",
"card transactions","2021-12-13T20:57:00+00",3.21,"CAD",,,,"debit",,"COUCHETARD 544",
"shakingsats","2021-12-14T12:39:31+00",,,0.00001,"BTC",,"credit","61102.6811",,
"peer transfer","2021-12-14T12:39:52+00",5,"CAD",,,,"debit",,"@jessyjr97",
"card cashbacks","2021-12-14T15:31:08+00",,,0.00000104,"BTC",,"credit","60919.8858","@cashbacks",
"shakingsats","2021-12-15T15:46:55+00",,,0.00001,"BTC",,"credit","60650.8622",,
"shakingsats","2021-12-16T08:47:21+00",,,0.00001,"BTC",,"credit","62571.9777",,
"card transactions","2021-12-16T21:53:03+00",40.52,"CAD",,,,"debit",,"SOURCE  56180",
"card transactions","2021-12-16T23:03:30+00",32.42,"CAD",,,,"debit",,"BENNYCO CAPROUGE",
"card transactions","2021-12-17T00:45:25+00",3.45,"CAD",,,,"debit",,"IKEA QUEBEC CITY",
"shakingsats","2021-12-17T12:49:28+00",,,0.00001,"BTC",,"credit","60479.9668",,
"card cashbacks","2021-12-17T13:11:15+00",,,0.00001328,"BTC",,"credit","60336.0802","@cashbacks",
"card cashbacks","2021-12-17T16:41:05+00",,,0.00000113,"BTC",,"credit","60330.8503","@cashbacks",
"card cashbacks","2021-12-17T17:01:37+00",,,0.00001064,"BTC",,"credit","60264.9106","@cashbacks",
"card transactions","2021-12-17T19:43:24+00",50,"CAD",,,,"debit",,"COUCHETARD  1310",
"card transactions","2021-12-17T20:34:38+00",3.44,"CAD",,,,"debit",,"TIM HORTONS 4964",
"shakingsats","2021-12-18T10:20:48+00",,,0.00001,"BTC",,"credit","60392.4670",,
"card cashbacks","2021-12-18T15:45:44+00",,,0.0000163,"BTC",,"credit","60662.9032","@cashbacks",
"shakingsats","2021-12-19T05:33:38+00",,,0.00001,"BTC",,"credit","61741.1792",,
"card cashbacks","2021-12-19T15:01:18+00",,,0.00000111,"BTC",,"credit","61158.9790","@cashbacks",
"shakingsats","2021-12-20T13:59:59+00",,,0.00001,"BTC",,"credit","59110.5842",,
"shakingsats","2021-12-21T14:31:21+00",,,0.00001,"BTC",,"credit","62997.5110",,
"shakingsats","2021-12-22T05:05:01+00",,,0.00001,"BTC",,"credit","63699.9912",,
"fiat funding","2021-12-23T00:07:44+00",,,150,"CAD",,"credit",,"etiennecloutier00@gmail.com",
"card transactions","2021-12-23T00:19:34+00",27,"CAD",,,,"debit",,"SAQ33518 SAINTGEORGES",
"shakingsats","2021-12-23T10:51:55+00",,,0.00001,"BTC",,"credit","62072.3960",,
"shakingsats","2021-12-24T12:41:15+00",,,0.00001,"BTC",,"credit","65221.5935",,
"card cashbacks","2021-12-24T16:36:50+00",,,0.00000814,"BTC",,"credit","65545.9092","@cashbacks",
"card transactions","2021-12-24T18:58:06+00",25,"CAD",,,,"debit",,"MAGASIN CDN TIRE 0173",
"card transactions","2021-12-24T19:22:04+00",96,"CAD",,,,"debit",,"SAQ33576 BEAUCEVILLE",
"shakingsats","2021-12-25T15:29:24+00",,,0.00001,"BTC",,"credit","65053.8352",,
"shakingsats","2021-12-26T12:38:17+00",,,0.00001,"BTC",,"credit","63804.5780",,
"card cashbacks","2021-12-26T13:36:57+00",,,0.00002968,"BTC",,"credit","63958.5138","@cashbacks",
"shakingsats","2021-12-27T06:10:38+00",,,0.00001,"BTC",,"credit","65199.6345",,
"peer transfer","2021-12-27T22:49:19+00",4.44,"CAD",,,,"debit",,"@jessyjr97",
"peer transfer","2021-12-27T22:57:37+00",,,2.33,"CAD",,"credit",,"@jessyjr97",
"shakingsats","2021-12-28T05:37:29+00",,,0.00001,"BTC",,"credit","62812.9754",,
"card cashbacks","2021-12-28T14:37:39+00",,,0.0000079,"BTC",,"credit","62543.8827","@cashbacks",
"fiat funding","2021-12-28T19:11:01+00",,,100,"CAD",,"credit",,"etiennecloutier00@gmail.com",
"purchase/sale","2021-12-28T19:13:29+00",5,"CAD",0.00101700078339773,"ETH","4916.4171","purchase",,,
"shakingsats","2021-12-29T06:39:16+00",,,0.00001,"BTC",,"credit","61502.3295",,
"purchase/sale","2021-12-29T23:32:33+00",15,"CAD",0.00025,"BTC","59750.7771","purchase",,,
"shakingsats","2021-12-30T05:55:08+00",,,0.00001,"BTC",,"credit","59757.4400",,
"shakingsats","2021-12-31T05:25:14+00",,,0.00001,"BTC",,"credit","60205.4329",,
"shakingsats","2022-01-01T05:02:11+00",,,0.00001,"BTC",,"credit","59060.5171",,
"fiat funding","2022-01-01T16:20:00+00",,,200,"CAD",,"credit",,"etiennecloutier00@gmail.com",
"shakingsats","2022-01-02T07:29:14+00",,,0.00001,"BTC",,"credit","59658.6902",,
"shakingsats","2022-01-03T12:45:28+00",,,0.00001,"BTC",,"credit","59977.9241",,
"shakingsats","2022-01-04T12:42:11+00",,,0.00001,"BTC",,"credit","59336.4631",,
"shakingsats","2022-01-05T06:41:42+00",,,0.00001,"BTC",,"credit","58953.9454",,
"card transactions","2022-01-05T16:35:02+00",18.02,"CAD",,,,"debit",,"MCDONALDS 6690",
"card transactions","2022-01-05T20:42:40+00",17.19,"CAD",,,,"debit",,"CHATEAU KABAB",
"card transactions","2022-01-05T20:43:06+00",17.19,"CAD",,,,"debit",,"CHATEAU KABAB",
"card transactions","2022-01-05T21:23:12+00",4.68,"CAD",,,,"debit",,"TIM HORTONS 1436",
"purchase/sale","2022-01-05T22:34:26+00",10,"CAD",0.00018182,"BTC","55095.9462","purchase",,,
"card transactions","2022-01-06T00:45:13+00",65,"CAD",,,,"debit",,"SHELL C03131",
"card transactions","2022-01-06T01:01:35+00",44.5,"CAD",,,,"debit",,"SAQ33594 HALLES SAINTE",
"shakingsats","2022-01-06T06:01:54+00",,,0.00001,"BTC",,"credit","54940.5007",,
"card cashbacks","2022-01-06T15:45:39+00",,,0.00000621,"BTC",,"credit","54710.1388","@cashbacks",
"card cashbacks","2022-01-06T15:45:52+00",,,0.00031072,"BTC",,"credit","54710.1388","@cashbacks",
"card transactions","2022-01-06T16:57:52+00",48.15,"CAD",,,,"debit",,"WALMART STORE 1212",
"card transactions","2022-01-06T21:13:28+00",34.53,"CAD",,,,"debit",,"PROVIGO 8457",
"card transactions","2022-01-06T23:53:44+00",23.43,"CAD",,,,"debit",,"PROVIGO 8457",
"shakingsats","2022-01-07T12:00:29+00",,,0.00001,"BTC",,"credit","53726.6224",,
"card cashbacks","2022-01-07T12:32:47+00",,,0.00001264,"BTC",,"credit","54001.3187","@cashbacks",
"card cashbacks","2022-01-07T12:32:51+00",,,0.00000858,"BTC",,"credit","54001.3187","@cashbacks",
"fiat funding","2022-01-07T15:58:50+00",,,150,"CAD",,"credit",,"etiennecloutier00@gmail.com",
"card cashbacks","2022-01-07T16:01:12+00",,,0.00000176,"BTC",,"credit","52507.6028","@cashbacks",
"card cashbacks","2022-01-07T16:13:34+00",,,0.00001685,"BTC",,"credit","52183.3022","@cashbacks",
"purchase/sale","2022-01-07T16:17:35+00",15,"CAD",0.00375,"ETH","3989.4016","purchase",,,
"card cashbacks","2022-01-07T16:19:26+00",,,0.00000686,"BTC",,"credit","51912.8529","@cashbacks",
"card cashbacks","2022-01-07T16:21:33+00",,,0.00002474,"BTC",,"credit","51935.6740","@cashbacks",
"shakingsats","2022-01-08T13:35:27+00",,,0.00001,"BTC",,"credit","52881.6361",,
"card transactions","2022-01-08T19:56:25+00",23.5,"CAD",,,,"debit",,"SAQ33583 PLACENAVILES",
"shakingsats","2022-01-09T07:22:30+00",,,0.00001,"BTC",,"credit","52920.8186",,
"card cashbacks","2022-01-09T14:51:18+00",,,0.0000181,"BTC",,"credit","52610.6272","@cashbacks",
"card cashbacks","2022-01-10T14:31:06+00",,,0.00000918,"BTC",,"credit","50555.4596","@cashbacks",
"shakingsats","2022-01-10T15:43:36+00",,,0.00001,"BTC",,"credit","52095.5537",,
"card transactions","2022-01-10T21:25:04+00",5,"CAD",,,,"debit",,"PROVIGO 8457",
"card cashbacks","2022-01-11T12:23:30+00",,,0.00000186,"BTC",,"credit","52970.2888","@cashbacks",
"shakingsats","2022-01-11T12:36:52+00",,,0.00001,"BTC",,"credit","52886.3559",,
"card transactions","2022-01-11T19:37:03+00",15.1,"CAD",,,,"debit",,"MARCHE INNOVATION 265",
"shakingsats","2022-01-12T11:58:59+00",,,0.00001,"BTC",,"credit","53861.6368",,
"card cashbacks","2022-01-12T15:45:39+00",,,0.00000547,"BTC",,"credit","54576.7325","@cashbacks",
"card transactions","2022-01-13T01:23:30+00",4.6,"CAD",,,,"debit",,"PROVIGO MARIO GOULET",
"card cashbacks","2022-01-13T12:56:28+00",,,0.00000166,"BTC",,"credit","54638.2018","@cashbacks",
"shakingsats","2022-01-13T15:50:20+00",,,0.00001,"BTC",,"credit","53781.5378",,
"shakingsats","2022-01-14T18:48:12+00",,,0.00001,"BTC",,"credit","53987.5376",,
"card transactions","2022-01-15T00:23:20+00",24.85,"CAD",,,,"debit",,"PROVIGO 8457",
"card cashbacks","2022-01-15T13:03:42+00",,,0.00000916,"BTC",,"credit","53627.5701","@cashbacks",
"shakingsats","2022-01-15T13:12:15+00",,,0.00001,"BTC",,"credit","53735.1940",,
"shakingsats","2022-01-16T14:25:31+00",,,0.00001,"BTC",,"credit","54153.4111",,
"shakingsats","2022-01-17T05:35:31+00",,,0.00001,"BTC",,"credit","53427.0678",,
"shakingsats","2022-01-18T05:12:01+00",,,0.00001,"BTC",,"credit","52703.6136",,
"fiat funding","2022-01-18T19:45:15+00",,,150,"CAD",,"credit",,"etiennecloutier00@gmail.com",
"card transactions","2022-01-18T20:10:17+00",116.49,"CAD",,,,"debit",,"MAXI 8676",
"card transactions","2022-01-18T23:27:34+00",9.65,"CAD",,,,"debit",,"CHOCOLATS FAVORIS 105",
"card transactions","2022-01-18T23:35:52+00",3.29,"CAD",,,,"debit",,"JE BOIS LOCAL CARTIER",
"card cashbacks","2022-01-19T12:13:41+00",,,0.00000123,"BTC",,"credit","52497.8081","@cashbacks",
"shakingsats","2022-01-19T12:14:50+00",,,0.00001,"BTC",,"credit","52487.3909",,
"card cashbacks","2022-01-19T12:26:42+00",,,0.00004386,"BTC",,"credit","52530.0526","@cashbacks",
"card cashbacks","2022-01-20T12:53:24+00",,,0.00000364,"BTC",,"credit","52406.8278","@cashbacks",
"shakingsats","2022-01-20T12:58:34+00",,,0.00001,"BTC",,"credit","52538.6125",,
"purchase/sale","2022-01-21T03:14:46+00",20,"CAD",0.0004,"BTC","50175.2700","purchase",,,
"shakingsats","2022-01-21T05:07:12+00",,,0.00001,"BTC",,"credit","48593.0889",,
"purchase/sale","2022-01-21T12:39:42+00",10,"CAD",0.00020834,"BTC","47911.6795","purchase",,,
"card transactions","2022-01-21T16:20:21+00",15.53,"CAD",,,,"debit",,"DOLLARAMA  701",
"fiat funding","2022-01-21T16:32:21+00",,,160,"CAD",,"credit",,"etiennecloutier00@gmail.com",
"card transactions","2022-01-21T17:05:46+00",47.75,"CAD",,,,"debit",,"SAQ33508 CARTIER",
"card transactions","2022-01-21T17:09:39+00",8.72,"CAD",,,,"debit",,"JE BOIS LOCAL CARTIER",
"card transactions","2022-01-21T17:35:44+00",31.73,"CAD",,,,"debit",,"MARCHE CARTIER",
"purchase/sale","2022-01-21T19:59:45+00",20,"CAD",0.00571428571428572,"ETH","3497.9823","purchase",,,
"purchase/sale","2022-01-22T09:39:03+00",20,"CAD",0.00044445,"BTC","44808.0072","purchase",,,
"card cashbacks","2022-01-22T13:04:33+00",,,0.00000384,"BTC",,"credit","44858.5336","@cashbacks",
"card cashbacks","2022-01-22T16:01:22+00",,,0.00000699,"BTC",,"credit","43898.1159","@cashbacks",
"card cashbacks","2022-01-22T16:23:22+00",,,0.00001412,"BTC",,"credit","44370.5974","@cashbacks",
"shakingsats","2022-01-22T19:52:59+00",,,0.00001,"BTC",,"credit","43685.0602",,
"card transactions","2022-01-22T23:15:14+00",40.42,"CAD",,,,"debit",,"MARCHE INNOVATION 265",
"card cashbacks","2022-01-23T14:31:59+00",,,0.00002111,"BTC",,"credit","44727.2293","@cashbacks",
"card cashbacks","2022-01-23T15:11:19+00",,,0.00001802,"BTC",,"credit","44347.5571","@cashbacks",
"shakingsats","2022-01-23T16:40:49+00",,,0.00001,"BTC",,"credit","44301.5393",,
"purchase/sale","2022-01-24T09:22:13+00",20,"CAD",0.00666666666666667,"ETH","2988.0925","purchase",,,
"shakingsats","2022-01-24T12:44:19+00",,,0.00001,"BTC",,"credit","42153.3124",,
"fiat funding","2022-01-24T15:45:30+00",,,150,"CAD",,"credit",,"etiennecloutier00@gmail.com",
"card transactions","2022-01-24T23:49:26+00",61.69,"CAD",,,,"debit",,"WALMART STORE 1212",
"card transactions","2022-01-24T23:51:36+00",61.94,"CAD",,,,"debit",,"WALMART STORE 1212",
"shakingsats","2022-01-25T14:02:44+00",,,0.00001,"BTC",,"credit","46033.7673",,
"card transactions","2022-01-25T21:25:18+00",3.44,"CAD",,,,"debit",,"HART  LES SAULES",
"card transactions","2022-01-25T22:02:09+00",18.57,"CAD",,,,"debit",,"MAXI 8049       ",
"card cashbacks","2022-01-26T12:37:44+00",,,0.0000077,"BTC",,"credit","47669.2001","@cashbacks",
"shakingsats","2022-01-26T12:41:42+00",,,0.00001,"BTC",,"credit","47574.5679",,
"card cashbacks","2022-01-26T15:30:36+00",,,0.00007099,"BTC",,"credit","47911.1032","@cashbacks",
"fiat funding","2022-01-26T22:14:51+00",,,70,"CAD",,"credit",,"etiennecloutier00@gmail.com",
"shakingsats","2022-01-27T05:04:32+00",,,0.00001,"BTC",,"credit","45771.1225",,
"card cashbacks","2022-01-27T14:36:05+00",,,0.00130586,"BTC",,"credit","46701.5369","@cashbacks",
"card cashbacks","2022-01-27T14:36:41+00",,,0.00002622,"BTC",,"credit","46698.5718","@cashbacks",
"shakingsats","2022-01-28T05:34:52+00",,,0.00001,"BTC",,"credit","47425.7484",,
"card transactions","2022-01-29T00:55:41+00",5,"CAD",,,,"debit",,"WALMART STORE 1212",
"card transactions","2022-01-29T01:02:25+00",15.76,"CAD",,,,"debit",,"POULET ROUGE",
"shakingsats","2022-01-29T13:22:34+00",,,0.00001,"BTC",,"credit","48253.8709",,
"card transactions","2022-01-29T21:37:23+00",10.33,"CAD",,,,"debit",,"PROVIGO 8457",
"card transactions","2022-01-29T22:24:48+00",39.95,"CAD",,,,"debit",,"SAQ33606 SAINTSACREME",
"shakingsats","2022-01-30T09:10:55+00",,,0.00001,"BTC",,"credit","48568.2509",,
"card cashbacks","2022-01-30T12:14:33+00",,,0.00000421,"BTC",,"credit","48487.1134","@cashbacks",
"card cashbacks","2022-01-30T14:44:54+00",,,0.00000645,"BTC",,"credit","48291.2575","@cashbacks",
"fiat funding","2022-01-30T23:32:24+00",,,50,"CAD",,"credit",,"etiennecloutier00@gmail.com",
"card transactions","2022-01-30T23:32:31+00",32.97,"CAD",,,,"debit",,"MARCHE INNOVATION  2658",
"card cashbacks","2022-01-31T12:36:02+00",,,0.00001377,"BTC",,"credit","47323.4071","@cashbacks",
"shakingsats","2022-01-31T13:58:02+00",,,0.00001,"BTC",,"credit","47492.5456",,
"card cashbacks","2022-01-31T15:02:09+00",,,0.00000205,"BTC",,"credit","48006.1716","@cashbacks",
"card cashbacks","2022-01-31T15:07:50+00",,,0.00001645,"BTC",,"credit","48027.8897","@cashbacks",
"shakingsats","2022-02-01T13:26:09+00",,,0.00001,"BTC",,"credit","49288.2222",,
"shakingsats","2022-02-02T12:22:37+00",,,0.00001,"BTC",,"credit","48953.3479",,
"shakingsats","2022-02-03T06:01:44+00",,,0.00001,"BTC",,"credit","46939.4706",,
"fiat funding","2022-02-04T00:25:51+00",,,50,"CAD",,"credit",,"etiennecloutier00@gmail.com",
"card transactions","2022-02-04T00:31:20+00",61.85,"CAD",,,,"debit",,"MAXI  CIE STROMUALD",
"shakingsats","2022-02-04T05:11:08+00",,,0.00001,"BTC",,"credit","47329.4739",,
"card cashbacks","2022-02-04T12:44:40+00",,,0.00002529,"BTC",,"credit","48357.6956","@cashbacks",
"card transactions","2022-02-04T16:23:43+00",11.16,"CAD",,,,"debit",,"FRITS",
"card cashbacks","2022-02-05T16:14:44+00",,,0.00000415,"BTC",,"credit","53130.0024","@cashbacks",
"shakingsats","2022-02-05T19:58:39+00",,,0.00001,"BTC",,"credit","53000.3642",,
"shakingsats","2022-02-06T15:34:20+00",,,0.00001,"BTC",,"credit","52946.0889",,
"fiat funding","2022-02-06T22:29:52+00",,,150,"CAD",,"credit",,"etiennecloutier00@gmail.com",
"card transactions","2022-02-06T23:44:51+00",68.85,"CAD",,,,"debit",,"SHAKER STGEORGES",
"shakingsats","2022-02-07T05:10:22+00",,,0.00001,"BTC",,"credit","54554.1062",,
"card transactions","2022-02-07T19:05:48+00",41.49,"CAD",,,,"debit",,"ULTRAMAR 26368",
"shakingsats","2022-02-08T10:38:01+00",,,0.00001,"BTC",,"credit","55574.2784",,
"other","2022-02-08T12:19:29+00",,,1.49,"CAD",,"credit",,,
"card cashbacks","2022-02-08T12:21:58+00",,,0.00002458,"BTC",,"credit","55400.0812","@cashbacks",
"card cashbacks","2022-02-08T12:27:29+00",,,0.00001433,"BTC",,"credit","55189.2103","@cashbacks",
"purchase/sale","2022-02-08T14:31:35+00",0.00018172,"BTC",10,"CAD","55041.0824","sale",,,
"card transactions","2022-02-08T23:45:01+00",6.98,"CAD",,,,"debit",,"PROVIGO 8457",
"shakingsats","2022-02-09T12:16:48+00",,,0.00001,"BTC",,"credit","55634.5128",,
"card cashbacks","2022-02-09T12:42:18+00",,,0.00000245,"BTC",,"credit","56139.5771","@cashbacks",
"shakingsats","2022-02-10T05:50:27+00",,,0.00001,"BTC",,"credit","55588.4233",,
"card transactions","2022-02-11T00:04:52+00",4.6,"CAD",,,,"debit",,"DOLLARAMA 0927",
"card transactions","2022-02-11T00:16:27+00",31.47,"CAD",,,,"debit",,"MARCHE INNOVATION  2658",
"card cashbacks","2022-02-11T12:37:46+00",,,0.00001124,"BTC",,"credit","55356.3127","@cashbacks",
"shakingsats","2022-02-11T13:03:21+00",,,0.00001,"BTC",,"credit","55339.4912",,
"card cashbacks","2022-02-11T16:35:27+00",,,0.00000164,"BTC",,"credit","55222.5255","@cashbacks",
"fiat funding","2022-02-11T17:34:21+00",,,100,"CAD",,"credit",,"etiennecloutier00@gmail.com",
"card transactions","2022-02-12T03:34:21+00",39.68,"CAD",,,,"debit",,"STH 238 GRANDEALLEE",
"shakingsats","2022-02-12T13:39:43+00",,,0.00001,"BTC",,"credit","53759.9341",,
"card cashbacks","2022-02-12T15:42:33+00",,,0.00001464,"BTC",,"credit","53609.5359","@cashbacks",
"card transactions","2022-02-12T22:14:15+00",46.95,"CAD",,,,"debit",,"SAQ33606 SAINTSACREME",
"shakingsats","2022-02-13T07:12:12+00",,,0.00001,"BTC",,"credit","54050.9240",,
"shakingsats","2022-02-14T12:34:06+00",,,0.00001,"BTC",,"credit","53866.4970",,
"card cashbacks","2022-02-14T14:56:56+00",,,0.00001712,"BTC",,"credit","54237.3753","@cashbacks",
"shakingsats","2022-02-15T05:25:34+00",,,0.00001,"BTC",,"credit","55536.3787",,
"card transactions","2022-02-15T19:06:42+00",13.56,"CAD",,,,"debit",,"PROVIGO 8457",
"card cashbacks","2022-02-16T12:36:21+00",,,0.00000479,"BTC",,"credit","55970.4433","@cashbacks",
"shakingsats","2022-02-16T14:29:22+00",,,0.00001,"BTC",,"credit","55382.5307",,
"shakingsats","2022-02-17T05:02:57+00",,,0.00001,"BTC",,"credit","55397.1442",,
"shakingsats","2022-02-18T13:19:41+00",,,0.00001,"BTC",,"credit","51340.5126",,
"fiat funding","2022-02-18T23:22:58+00",,,80,"CAD",,"credit",,"etiennecloutier00@gmail.com",
"card transactions","2022-02-19T00:30:11+00",66.1,"CAD",,,,"debit",,"MAXI 8049       ",
"card cashbacks","2022-02-19T12:50:59+00",,,0.00002572,"BTC",,"credit","50810.1855","@cashbacks",
"shakingsats","2022-02-19T15:24:05+00",,,0.00001,"BTC",,"credit","51018.9648",,
"card transactions","2022-02-19T23:33:25+00",17.28,"CAD",,,,"debit",,"PROVIGO 8457",
"card cashbacks","2022-02-20T12:21:26+00",,,0.00000694,"BTC",,"credit","49201.9991","@cashbacks",
"shakingsats","2022-02-20T16:04:26+00",,,0.00001,"BTC",,"credit","48956.7873",,
"shakingsats","2022-02-21T12:41:53+00",,,0.00001,"BTC",,"credit","47982.6395",,
"shakingsats","2022-02-22T19:42:48+00",,,0.00001,"BTC",,"credit","48521.8715",,
"shakingsats","2022-02-23T05:29:10+00",,,0.00001,"BTC",,"credit","48376.1732",,
"shakingsats","2022-02-24T12:18:25+00",,,0.00001,"BTC",,"credit","45252.7154",,
"shakingsats","2022-02-25T20:48:52+00",,,0.00001,"BTC",,"credit","49472.4166",,
"shakingsats","2022-02-26T12:45:33+00",,,0.00001,"BTC",,"credit","49486.8499",,
"shakingsats","2022-02-27T14:30:42+00",,,0.00001,"BTC",,"credit","49593.2487",,
"shakingsats","2022-02-28T12:38:09+00",,,0.00001,"BTC",,"credit","49086.7048",,
"fiat funding","2022-02-28T19:47:57+00",,,150,"CAD",,"credit",,"etiennecloutier00@gmail.com",
"shakingsats","2022-03-01T12:00:16+00",,,0.00001,"BTC",,"credit","55319.1994",,
"shakingsats","2022-03-02T17:26:23+00",,,0.00001,"BTC",,"credit","55902.3415",,
"shakingsats","2022-03-03T13:16:18+00",,,0.00001,"BTC",,"credit","55111.0439",,
"shakingsats","2022-03-04T06:04:30+00",,,0.00001,"BTC",,"credit","52535.6625",,
"shakingsats","2022-03-05T14:20:44+00",,,0.00001,"BTC",,"credit","49783.5897",,
"card transactions","2022-03-05T23:54:19+00",12.07,"CAD",,,,"debit",,"PROVIGO 8457",
"shakingsats","2022-03-06T05:31:58+00",,,0.00001,"BTC",,"credit","50289.7963",,
"card cashbacks","2022-03-06T12:31:03+00",,,0.00024315,"BTC",,"credit","49083.7355","@cashbacks",
"shakingsats","2022-03-07T05:05:36+00",,,0.00001,"BTC",,"credit","48139.7376",,
"shakingsats","2022-03-08T05:44:15+00",,,0.00001,"BTC",,"credit","49211.0132",,
"shakingsats","2022-03-09T14:45:12+00",,,0.00001,"BTC",,"credit","54033.8524",,
"shakingsats","2022-03-10T11:11:41+00",,,0.00001,"BTC",,"credit","50015.4006",,
"shakingsats","2022-03-11T14:09:15+00",,,0.00001,"BTC",,"credit","50049.5905",,
"shakingsats","2022-03-12T16:34:54+00",,,0.00001,"BTC",,"credit","49967.4877",,
"card transactions","2022-03-12T22:20:27+00",5.95,"CAD",,,,"debit",,"PROVIGO 8457",
"card cashbacks","2022-03-13T11:42:36+00",,,0.00000237,"BTC",,"credit","49505.5683","@cashbacks",
"shakingsats","2022-03-13T12:30:38+00",,,0.00001,"BTC",,"credit","49110.2473",,
"shakingsats","2022-03-14T12:44:57+00",,,0.00001,"BTC",,"credit","49481.7841",,
"shakingsats","2022-03-15T04:12:21+00",,,0.00001,"BTC",,"credit","49692.0561",,
"shakingsats","2022-03-16T04:19:29+00",,,0.00001,"BTC",,"credit","49782.2390",,
"shakingsats","2022-03-17T04:16:49+00",,,0.00001,"BTC",,"credit","52102.5077",,
"shakingsats","2022-03-18T10:58:23+00",,,0.00001,"BTC",,"credit","50946.7051",,
"fiat funding","2022-03-18T22:40:44+00",,,50,"CAD",,"credit",,"etiennecloutier00@gmail.com",
"card transactions","2022-03-18T22:44:16+00",28.65,"CAD",,,,"debit",,"SAQ33596 VANIER",
"card transactions","2022-03-18T22:44:45+00",47.75,"CAD",,,,"debit",,"SAQ33596 VANIER",
"card transactions","2022-03-18T23:09:33+00",13.52,"CAD",,,,"debit",,"SUPER C VANIER  25993",
"card transactions","2022-03-18T23:24:32+00",30.47,"CAD",,,,"debit",,"MAXI 8676",
"card cashbacks","2022-03-19T12:33:42+00",,,0.00001142,"BTC",,"credit","52730.9031","@cashbacks",
"card cashbacks","2022-03-19T12:34:25+00",,,0.00000507,"BTC",,"credit","52736.8858","@cashbacks",
"shakingsats","2022-03-19T13:22:59+00",,,0.00001,"BTC",,"credit","52804.4989",,
"card transactions","2022-03-19T23:25:07+00",15.96,"CAD",,,,"debit",,"PROVIGO 8457",
"card cashbacks","2022-03-20T11:31:20+00",,,0.00000599,"BTC",,"credit","52606.9048","@cashbacks",
"shakingsats","2022-03-20T12:11:36+00",,,0.00001,"BTC",,"credit","52220.0319",,
"card cashbacks","2022-03-20T14:51:27+00",,,0.00001084,"BTC",,"credit","52252.0448","@cashbacks",
"card cashbacks","2022-03-20T14:52:02+00",,,0.00001806,"BTC",,"credit","52265.6683","@cashbacks",
"shakingsats","2022-03-21T05:04:47+00",,,0.00001,"BTC",,"credit","51532.7451",,
"shakingsats","2022-03-22T12:19:43+00",,,0.00001,"BTC",,"credit","53937.3624",,
"card transactions","2022-03-22T23:55:12+00",18.17,"CAD",,,,"debit",,"PROVIGO 8457",
"shakingsats","2022-03-23T11:22:30+00",,,0.00001,"BTC",,"credit","52753.6180",,
"card cashbacks","2022-03-23T11:33:16+00",,,0.00000679,"BTC",,"credit","52893.3131","@cashbacks",
"shakingsats","2022-03-24T12:05:43+00",,,0.00001,"BTC",,"credit","53976.1848",,
"purchase/sale","2022-03-25T11:18:48+00",0.00018172,"BTC",10,"CAD","55031.5633","sale",,,
"shakingsats","2022-03-25T11:25:51+00",,,0.00001,"BTC",,"credit","55511.1548",,
"fiat funding","2022-03-25T16:10:42+00",,,75,"CAD",,"credit",,"etiennecloutier00@gmail.com",
"card transactions","2022-03-25T16:12:04+00",31.75,"CAD",,,,"debit",,"MAXI 8049       ",
"shakingsats","2022-03-26T05:37:01+00",,,0.00001,"BTC",,"credit","55518.9255",,
"card cashbacks","2022-03-26T12:11:54+00",,,0.00001133,"BTC",,"credit","55398.3560","@cashbacks",
"card transactions","2022-03-27T01:47:22+00",35.32,"CAD",,,,"debit",,"BOSTON PIZZA  633",
"shakingsats","2022-03-27T13:23:36+00",,,0.00001,"BTC",,"credit","55611.8450",,
"shakingsats","2022-03-28T04:44:45+00",,,0.00001,"BTC",,"credit","58692.2347",,
"shakingsats","2022-03-29T10:32:38+00",,,0.00001,"BTC",,"credit","59348.7016",,
"card cashbacks","2022-03-29T14:43:49+00",,,0.00001168,"BTC",,"credit","59762.9796","@cashbacks",
"card transactions","2022-03-29T19:08:42+00",19.5,"CAD",,,,"debit",,"BENNYCO STHYACINTHE",
"shakingsats","2022-03-30T08:28:27+00",,,0.00001,"BTC",,"credit","59114.0214",,
"card cashbacks","2022-03-30T15:24:06+00",,,0.00000657,"BTC",,"credit","58680.7714","@cashbacks",
"shakingsats","2022-03-31T11:15:59+00",,,0.00001,"BTC",,"credit","59146.4636",,
"fiat funding","2022-03-31T22:26:11+00",,,65,"CAD",,"credit",,"etiennecloutier00@gmail.com",
"card transactions","2022-03-31T23:32:28+00",21.85,"CAD",,,,"debit",,"WALMART STORE 1212",
"card transactions","2022-03-31T23:49:41+00",5.46,"CAD",,,,"debit",,"DOLLARAMA  27",
"shakingsats","2022-04-01T13:31:45+00",,,0.00001,"BTC",,"credit","56866.4079",,
"card transactions","2022-04-01T14:45:55+00",8.05,"CAD",,,,"debit",,"DOLLARAMA 0927",
"card cashbacks","2022-04-01T16:22:44+00",,,0.00009297,"BTC",,"credit","58079.2092","@cashbacks",
"card cashbacks","2022-04-02T16:01:35+00",,,0.00000274,"BTC",,"credit","57974.2658","@cashbacks",
"card cashbacks","2022-04-03T14:33:38+00",,,0.00000744,"BTC",,"credit","58042.0690","@cashbacks",
"shakingsats","2022-04-03T14:46:16+00",,,0.000001,"BTC",,"credit","58091.8822",,
"card transactions","2022-04-03T23:54:41+00",52.18,"CAD",,,,"debit",,"MAXI 8676",
"shakingsats","2022-04-04T11:04:21+00",,,0.0000011,"BTC",,"credit","57480.8878",,
"card cashbacks","2022-04-04T11:55:12+00",,,0.00001787,"BTC",,"credit","57743.0651","@cashbacks",
"shakingsats","2022-04-05T16:16:04+00",,,0.0000012,"BTC",,"credit","57248.1354",,
"shakingsats","2022-04-06T11:23:30+00",,,0.0000013,"BTC",,"credit","56087.8689",,
"shakingsats","2022-04-07T15:33:21+00",,,0.0000014,"BTC",,"credit","54350.0406",,
"shakingsats","2022-04-08T12:27:44+00",,,0.0000015,"BTC",,"credit","54623.8789",,
"shakingsats","2022-04-09T17:28:30+00",,,0.0000016,"BTC",,"credit","53465.2809",,
"shakingsats","2022-04-10T06:06:22+00",,,0.0000017,"BTC",,"credit","53691.7158",,
"shakingsats","2022-04-11T04:58:10+00",,,0.0000018,"BTC",,"credit","53248.2652",,
"shakingsats","2022-04-12T15:51:48+00",,,0.0000019,"BTC",,"credit","50783.3804",,
"shakingsats","2022-04-13T05:42:26+00",,,0.000002,"BTC",,"credit","50627.2487",,
"fiat funding","2022-04-13T15:46:11+00",,,50,"CAD",,"credit",,"etiennecloutier00@gmail.com",
"card transactions","2022-04-13T21:26:51+00",29.61,"CAD",,,,"debit",,"SAVEURS DES CONTINENTS",
"shakingsats","2022-04-14T10:02:20+00",,,0.0000021,"BTC",,"credit","51717.7404",,
"card cashbacks","2022-04-14T15:06:09+00",,,0.00001147,"BTC",,"credit","51052.7896","@cashbacks",
"fiat funding","2022-04-14T21:55:07+00",,,100,"CAD",,"credit",,"etiennecloutier00@gmail.com",
"card transactions","2022-04-14T21:56:06+00",68,"CAD",,,,"debit",,"SHELL C07669",
"card transactions","2022-04-15T04:09:02+00",25.3,"CAD",,,,"debit",,"PUB OZONE",
"card cashbacks","2022-04-15T14:54:36+00",,,0.00002628,"BTC",,"credit","51149.0935","@cashbacks",
"shakingsats","2022-04-15T16:58:28+00",,,0.0000022,"BTC",,"credit","50930.8903",,
"shakingsats","2022-04-16T04:13:10+00",,,0.00000225,"BTC",,"credit","51006.9788",,
"card cashbacks","2022-04-16T16:03:32+00",,,0.00000989,"BTC",,"credit","50588.5253","@cashbacks",
"shakingsats","2022-04-17T04:03:12+00",,,0.00000235,"BTC",,"credit","50799.5054",,
"shakingsats","2022-04-18T04:08:40+00",,,0.00000245,"BTC",,"credit","50269.9379",,
"fiat funding","2022-04-18T15:00:15+00",,,80,"CAD",,"credit",,"etiennecloutier00@gmail.com",
"card transactions","2022-04-18T15:04:58+00",60,"CAD",,,,"debit",,"ULTRAMAR 26368",
"card transactions","2022-04-18T16:03:30+00",7.46,"CAD",,,,"debit",,"MAGASIN CDN TIRE 0024",
"card transactions","2022-04-18T16:25:08+00",17.86,"CAD",,,,"debit",,"RESTAURANT AW 5805",
"card transactions","2022-04-18T21:40:54+00",13.66,"CAD",,,,"debit",,"PROVIGO 8457",
"card transactions","2022-04-18T23:50:37+00",18.42,"CAD",,,,"debit",,"PROVIGO 8457",
"card cashbacks","2022-04-19T11:40:49+00",,,0.00000524,"BTC",,"credit","51478.0985","@cashbacks",
"card cashbacks","2022-04-19T11:40:57+00",,,0.00000707,"BTC",,"credit","51478.0985","@cashbacks",
"card cashbacks","2022-04-19T11:43:45+00",,,0.00002305,"BTC",,"credit","51468.5868","@cashbacks",
"shakingsats","2022-04-19T12:58:36+00",,,0.00000255,"BTC",,"credit","51766.6968",,
"shakingsats","2022-04-20T13:54:21+00",,,0.00000265,"BTC",,"credit","52084.7168",,
"card cashbacks","2022-04-20T14:02:31+00",,,0.00000678,"BTC",,"credit","52055.7712","@cashbacks",